date,Open,High,Low,Close,Volume
2018-03-01,6.05,6.1,5.7,5.81,"1,040,118,830"
2018-03-02,5.7,5.92,5.55,5.91,"913,427,551"
2018-03-05,5.86,5.93,5.74,5.89,"620,776,394"
2018-03-06,5.98,6.07,5.93,6.05,"636,809,594"
2018-03-07,5.95,6.1,5.95,6.05,"581,209,234"
2018-03-08,6.07,6.07,5.98,6.03,"411,910,396"
2018-03-09,6.08,6.15,6.06,6.13,"505,525,995"
2018-03-12,6.18,6.33,6.17,6.24,"605,061,554"
2018-03-13,6.29,6.36,6.15,6.19,"619,772,434"
2018-03-14,6.24,6.26,6.16,6.22,"505,494,395"
2018-03-15,6.23,6.32,6.19,6.23,"401,953,596"
2018-03-16,6.25,6.28,6.21,6.26,"399,457,276"
2018-03-19,6.2,6.23,5.93,6.03,"713,773,593"
2018-03-20,6.03,6.28,6.03,6.24,"554,696,394"
2018-03-21,6.23,6.3,6.18,6.21,"438,688,796"
2018-03-22,6.15,6.2,6.01,6.05,"551,196,794"
2018-03-23,6.06,6.07,5.81,5.82,"735,618,433"
2018-03-26,5.95,6.11,5.9,6.11,"611,425,594"
2018-03-27,6.19,6.25,5.5,5.64,"1,409,000,306"
2018-03-28,5.6,5.73,5.43,5.53,"945,905,991"
2018-03-29,5.6,5.89,5.52,5.79,"916,627,551"
2018-04-02,5.72,5.87,5.44,5.53,"922,092,791"
2018-04-03,5.7,5.76,5.53,5.63,"667,430,393"
2018-04-04,5.38,5.67,5.35,5.66,"789,166,392"
2018-04-05,5.72,5.73,5.46,5.53,"701,238,833"
2018-04-06,5.43,5.54,5.33,5.36,"662,988,833"
2018-04-09,5.42,5.55,5.37,5.39,"499,524,795"
2018-04-10,5.62,5.73,5.56,5.7,"764,752,432"
2018-04-11,5.68,5.72,5.62,5.66,"460,242,395"
2018-04-12,5.75,5.88,5.71,5.87,"593,918,034"
2018-04-13,5.93,5.94,5.74,5.79,"503,035,595"
2018-04-16,5.79,5.82,5.69,5.79,"350,791,036"
2018-04-17,5.84,5.96,5.78,5.94,"447,225,596"
2018-04-18,5.89,5.98,5.82,5.91,"391,362,316"
2018-04-19,5.79,5.83,5.67,5.73,"471,997,195"
2018-04-20,5.72,5.8,5.69,5.72,"386,198,636"
2018-04-23,5.74,5.79,5.57,5.6,"427,508,796"
2018-04-24,5.62,5.72,5.46,5.53,"414,595,596"
2018-04-25,5.5,5.54,5.26,5.42,"588,493,554"
2018-04-26,5.58,5.64,5.51,5.63,"375,822,956"
2018-04-27,5.74,5.76,5.62,5.66,"400,849,996"
2018-04-30,5.67,5.73,5.6,5.62,"327,842,677"
2018-05-01,5.61,5.68,5.56,5.68,"253,789,077"
2018-05-02,5.68,5.72,5.63,5.66,"268,247,397"
2018-05-03,5.69,5.85,5.64,5.82,"443,145,596"
2018-05-04,5.8,5.98,5.78,5.98,"400,661,596"
2018-05-07,6.08,6.27,6.07,6.22,"687,615,233"
2018-05-08,6.22,6.26,6.17,6.26,"506,614,795"
2018-05-09,6.28,6.4,6.25,6.39,"596,759,154"
2018-05-10,6.45,6.51,6.43,6.5,"994,081,150"
2018-05-11,6.32,6.49,6.26,6.36,"1,214,456,308"
2018-05-14,6.4,6.46,6.36,6.38,"523,139,195"
2018-05-15,6.32,6.32,6.04,6.14,"963,528,430"
2018-05-16,6.1,6.21,6.06,6.15,"553,828,434"
2018-05-17,6.15,6.29,6.14,6.19,"519,784,395"
2018-05-18,6.25,6.31,6.14,6.15,"483,717,595"
2018-05-21,6.25,6.25,6.01,6.11,"640,624,754"
2018-05-22,6.12,6.14,6.01,6.07,"518,265,595"
2018-05-23,6.01,6.19,6.01,6.19,"442,957,196"
2018-05-24,6.18,6.24,6.13,6.19,"437,371,996"
2018-05-25,6.21,6.25,6.17,6.23,"292,111,277"
2018-05-29,6.21,6.28,6.17,6.21,"352,683,316"
2018-05-30,6.25,6.33,6.22,6.32,"390,994,556"
2018-05-31,6.29,6.38,6.28,6.3,"493,868,395"
2018-06-01,6.35,6.45,6.34,6.44,"421,969,996"
2018-06-04,6.48,6.64,6.44,6.62,"642,025,594"
2018-06-05,6.62,6.66,6.58,6.63,"391,712,036"
2018-06-06,6.54,6.63,6.52,6.63,"371,354,236"
2018-06-07,6.63,6.64,6.48,6.57,"369,448,636"
2018-06-08,6.5,6.6,6.48,6.56,"360,457,716"
2018-06-11,6.54,6.59,6.5,6.52,"265,370,117"
2018-06-12,6.54,6.58,6.49,6.56,"319,159,397"
2018-06-13,6.57,6.64,6.55,6.56,"338,206,357"
2018-06-14,6.61,6.73,6.59,6.67,"430,016,396"
2018-06-15,6.62,6.69,6.58,6.63,"432,259,596"
2018-06-18,6.59,6.65,6.56,6.63,"356,266,956"
2018-06-19,6.52,6.59,6.38,6.5,"594,932,794"
2018-06-20,6.55,6.61,6.51,6.56,"369,779,756"
2018-06-21,6.59,6.61,6.42,6.43,"359,516,236"
2018-06-22,6.45,6.46,6.26,6.27,"434,157,996"
2018-06-25,6.17,6.17,5.89,5.98,"665,817,273"
2018-06-26,6.09,6.14,6.0,6.05,"478,885,595"
2018-06-27,6.09,6.16,5.89,5.89,"453,891,995"
2018-06-28,5.88,6.03,5.88,6.02,"338,011,877"
2018-06-29,6.09,6.1,5.92,5.92,"392,299,076"
2018-07-02,5.85,6.06,5.83,6.06,"357,573,916"
2018-07-03,6.09,6.1,5.91,5.92,"222,732,998"
2018-07-05,5.98,6.07,5.94,6.07,"306,217,917"
2018-07-06,6.04,6.19,6.02,6.18,"296,352,837"
2018-07-09,6.26,6.27,6.15,6.23,"303,880,837"
2018-07-10,6.24,6.35,6.2,6.33,"360,015,596"
2018-07-11,6.24,6.27,6.18,6.19,"367,506,396"
2018-07-12,6.23,6.33,6.22,6.28,"345,506,917"
2018-07-13,6.3,6.3,6.19,6.23,"247,163,118"
2018-07-16,6.21,6.26,6.19,6.21,"197,037,038"
2018-07-17,6.16,6.36,6.13,6.34,"362,135,796"
2018-07-18,6.33,6.35,6.24,6.29,"277,641,637"
2018-07-19,6.27,6.33,6.26,6.3,"235,751,318"
2018-07-20,6.3,6.34,6.26,6.27,"222,486,438"
2018-07-23,6.25,6.25,6.08,6.24,"301,584,837"
2018-07-24,6.28,6.37,6.2,6.22,"354,621,796"
2018-07-25,6.23,6.31,6.17,6.3,"320,182,037"
2018-07-26,6.28,6.41,6.26,6.37,"325,125,117"
2018-07-27,6.41,6.42,6.25,6.3,"295,421,437"
2018-07-30,6.31,6.32,6.07,6.1,"340,341,557"
2018-07-31,6.09,6.2,6.05,6.12,"283,987,837"
2018-08-01,6.15,6.21,6.1,6.16,"283,555,557"
2018-08-02,6.09,6.27,6.03,6.27,"269,667,557"
2018-08-03,6.29,6.33,6.27,6.3,"214,288,078"
2018-08-06,6.29,6.35,6.24,6.35,"207,506,598"
2018-08-07,6.4,6.44,6.37,6.42,"258,130,397"
2018-08-08,6.43,6.51,6.39,6.46,"262,098,477"
2018-08-09,6.48,6.48,6.4,6.41,"204,278,478"
2018-08-10,6.33,6.4,6.32,6.37,"256,626,717"
2018-08-13,6.38,6.53,6.38,6.4,"375,206,316"
2018-08-14,6.51,6.55,6.43,6.54,"466,219,595"
2018-08-15,6.56,6.59,6.4,6.48,"591,135,634"
2018-08-16,6.55,6.55,6.38,6.44,"801,259,192"
2018-08-17,6.32,6.32,6.09,6.12,"1,143,187,549"
2018-08-20,6.08,6.33,5.97,6.2,"854,386,391"
2018-08-21,6.21,6.34,6.19,6.33,"673,988,433"
2018-08-22,6.3,6.58,6.3,6.57,"749,856,793"
2018-08-23,6.53,6.74,6.52,6.67,"720,684,353"
2018-08-24,6.68,6.82,6.68,6.81,"531,510,395"
2018-08-27,6.84,6.97,6.8,6.9,"505,777,595"
2018-08-28,6.89,6.91,6.74,6.86,"475,383,995"
2018-08-29,6.85,6.99,6.83,6.96,"420,109,596"
2018-08-30,6.93,7.04,6.91,6.95,"346,609,197"
2018-08-31,6.93,7.03,6.92,7.02,"306,589,997"
2018-09-04,7.0,7.13,6.98,7.09,"391,721,076"
2018-09-05,7.07,7.11,6.88,6.96,"393,156,756"
2018-09-06,6.94,6.95,6.78,6.82,"322,795,557"
2018-09-07,6.73,6.92,6.68,6.8,"295,418,717"
2018-09-10,6.82,6.9,6.78,6.87,"220,138,278"
2018-09-11,6.82,6.91,6.8,6.82,"243,112,718"
2018-09-12,6.78,6.8,6.55,6.71,"419,090,396"
2018-09-13,6.77,6.88,6.75,6.78,"305,535,517"
2018-09-14,6.87,6.98,6.84,6.91,"386,935,196"
2018-09-17,6.89,6.93,6.83,6.85,"205,527,558"
2018-09-18,6.85,6.96,6.77,6.78,"299,520,917"
2018-09-19,6.76,6.82,6.71,6.8,"224,858,598"
2018-09-20,6.68,6.72,6.6,6.66,"430,582,796"
2018-09-21,6.67,6.72,6.55,6.59,"435,126,396"
2018-09-24,6.56,6.65,6.47,6.64,"293,913,037"
2018-09-25,6.71,6.74,6.62,6.71,"280,389,837"
2018-09-26,6.72,6.76,6.66,6.67,"268,547,517"
2018-09-27,6.71,6.73,6.65,6.69,"214,428,678"
2018-09-28,6.82,7.05,6.79,7.03,"709,396,393"
2018-10-01,7.1,7.3,7.07,7.23,"622,057,994"
2018-10-02,7.21,7.32,7.14,7.16,"383,964,716"
2018-10-03,7.23,7.24,7.06,7.17,"320,550,757"
2018-10-04,7.13,7.16,6.9,6.98,"391,219,556"
2018-10-05,6.96,7.02,6.69,6.75,"426,634,396"
2018-10-08,6.66,6.78,6.5,6.64,"408,610,796"
2018-10-09,6.62,6.72,6.57,6.64,"273,499,717"
2018-10-10,6.53,6.58,6.14,6.14,"684,937,953"
2018-10-11,6.05,6.19,5.86,5.88,"725,437,193"
2018-10-12,6.14,6.24,5.99,6.16,"608,236,794"
2018-10-15,6.15,6.15,5.88,5.88,"449,761,196"
2018-10-16,6.0,6.16,5.95,6.15,"408,711,996"
2018-10-17,6.21,6.25,6.03,6.08,"329,668,037"
2018-10-18,6.15,6.19,5.93,5.99,"524,021,995"
2018-10-19,6.04,6.06,5.69,5.73,"613,609,994"
2018-10-22,5.78,5.88,5.68,5.78,"368,843,636"
2018-10-23,5.51,5.6,5.42,5.53,"626,438,034"
2018-10-24,5.49,5.53,4.97,4.99,"884,287,951"
2018-10-25,4.89,5.24,4.84,5.2,"951,721,550"
2018-10-26,4.96,5.12,4.83,4.96,"664,785,233"
2018-10-29,5.1,5.1,4.4,4.64,"758,017,552"
2018-10-30,4.66,5.09,4.64,5.08,"807,190,792"
2018-10-31,5.24,5.31,5.1,5.27,"745,772,033"
2018-11-01,5.31,5.46,5.18,5.45,"566,528,394"
2018-11-02,5.44,5.55,5.26,5.37,"452,959,995"
2018-11-05,5.36,5.38,5.13,5.29,"379,330,396"
2018-11-06,5.29,5.37,5.24,5.28,"299,010,357"
2018-11-07,5.34,5.44,5.28,5.34,"483,811,995"
2018-11-08,5.29,5.29,5.1,5.15,"511,352,795"
2018-11-09,5.06,5.23,5.03,5.14,"413,241,996"
2018-11-12,5.05,5.07,4.72,4.74,"617,118,034"
2018-11-13,4.84,5.11,4.83,4.98,"644,711,154"
2018-11-14,5.16,5.17,4.82,4.93,"526,578,795"
2018-11-15,4.92,5.13,4.89,5.06,"840,708,832"
2018-11-16,4.08,4.27,4.04,4.11,"1,963,519,180"
2018-11-19,4.04,4.05,3.62,3.62,"1,697,820,463"
2018-11-20,3.35,3.86,3.33,3.73,"1,692,033,263"
2018-11-21,3.87,3.88,3.59,3.62,"1,025,493,990"
2018-11-23,3.58,3.74,3.57,3.63,"411,968,396"
2018-11-26,3.75,3.84,3.66,3.83,"814,832,432"
2018-11-27,3.8,3.93,3.76,3.84,"738,060,393"
2018-11-28,3.96,4.01,3.83,4.0,"804,525,632"
2018-11-29,4.0,4.04,3.9,3.93,"549,173,555"
2018-11-30,3.94,4.1,3.89,4.09,"729,564,353"
2018-12-03,4.32,4.37,4.18,4.25,"890,804,351"
2018-12-04,4.21,4.21,3.91,3.93,"812,111,552"
2018-12-06,3.79,3.96,3.77,3.96,"692,309,593"
2018-12-07,3.96,3.97,3.64,3.69,"681,677,953"
2018-12-10,3.65,3.82,3.64,3.8,"629,473,594"
2018-12-11,3.89,3.9,3.63,3.7,"671,913,193"
2018-12-12,3.71,3.82,3.62,3.72,"654,135,993"
2018-12-13,3.77,3.83,3.69,3.72,"471,384,795"
2018-12-14,3.68,3.76,3.64,3.66,"471,821,195"
2018-12-17,3.63,3.7,3.53,3.59,"662,867,193"
2018-12-18,3.63,3.76,3.61,3.67,"564,369,994"
2018-12-19,3.64,3.69,3.41,3.46,"745,365,993"
2018-12-20,3.45,3.55,3.32,3.38,"749,587,953"
2018-12-21,3.4,3.44,3.21,3.24,"863,741,151"
2018-12-24,3.16,3.25,3.11,3.18,"463,839,195"
2018-12-26,3.22,3.33,3.11,3.33,"695,099,193"
2018-12-27,3.27,3.31,3.13,3.28,"637,043,194"
2018-12-28,3.3,3.43,3.26,3.34,"628,492,794"
2018-12-31,3.39,3.42,3.31,3.34,"465,139,995"
2019-01-02,3.27,3.46,3.25,3.41,"508,753,595"
2019-01-03,3.34,3.38,3.19,3.2,"705,551,553"
2019-01-04,3.27,3.44,3.24,3.4,"585,619,194"
2019-01-07,3.46,3.62,3.41,3.59,"709,159,193"
2019-01-08,3.67,3.67,3.42,3.5,"786,017,192"
2019-01-09,3.55,3.61,3.5,3.56,"617,259,194"
2019-01-10,3.55,3.64,3.48,3.63,"523,156,395"
2019-01-11,3.61,3.74,3.58,3.72,"874,762,791"
2019-01-14,3.67,3.79,3.64,3.76,"730,169,993"
2019-01-15,3.79,3.83,3.73,3.75,"617,009,994"
2019-01-16,3.77,3.81,3.72,3.72,"470,103,595"
2019-01-17,3.69,3.83,3.66,3.79,"493,436,395"
2019-01-18,3.84,3.95,3.79,3.92,"651,336,753"
2019-01-22,3.89,3.9,3.69,3.72,"661,551,153"
2019-01-23,3.78,3.86,3.7,3.73,"591,022,034"
2019-01-24,3.82,3.96,3.81,3.95,"708,970,393"
2019-01-25,3.89,4.02,3.78,4.0,"1,155,222,028"
2019-01-28,3.41,3.54,3.28,3.45,"2,511,526,695"
2019-01-29,3.4,3.45,3.28,3.29,"1,153,933,988"
2019-01-30,3.37,3.45,3.29,3.43,"974,229,590"
2019-01-31,3.43,3.63,3.41,3.59,"842,853,592"
2019-02-01,3.61,3.67,3.56,3.62,"625,047,154"
2019-02-04,3.63,3.77,3.61,3.73,"528,600,795"
2019-02-05,3.74,3.79,3.71,3.75,"542,425,235"
2019-02-06,3.78,3.89,3.78,3.83,"702,465,993"
2019-02-07,3.78,3.78,3.64,3.69,"637,119,994"
2019-02-08,3.62,3.72,3.6,3.7,"461,605,595"
2019-02-11,3.66,3.71,3.61,3.66,"495,180,795"
2019-02-12,3.7,3.8,3.69,3.78,"591,060,434"
2019-02-13,3.81,3.9,3.8,3.82,"605,371,954"
2019-02-14,3.82,3.89,3.78,3.86,"827,262,792"
2019-02-15,4.07,4.1,3.91,3.93,"1,516,749,065"
2019-02-19,3.92,4.0,3.9,3.92,"551,892,794"
2019-02-20,3.95,4.03,3.93,3.96,"540,989,555"
2019-02-21,3.98,4.0,3.88,3.89,"448,546,796"
2019-02-22,3.95,4.0,3.93,3.98,"401,741,196"
2019-02-25,4.06,4.13,3.96,3.97,"656,019,193"
2019-02-26,3.96,4.02,3.89,3.93,"488,462,795"
2019-02-27,3.91,3.94,3.83,3.89,"500,255,195"
2019-02-28,3.88,3.9,3.83,3.86,"324,942,597"
2019-03-01,3.91,3.95,3.85,3.91,"357,187,116"
2019-03-04,3.95,3.97,3.86,3.92,"409,989,996"
2019-03-05,3.9,3.95,3.85,3.91,"362,924,756"
2019-03-06,3.9,3.91,3.8,3.8,"403,525,996"
2019-03-07,3.78,3.79,3.69,3.73,"450,105,195"
2019-03-08,3.64,3.78,3.62,3.77,"422,414,796"
2019-03-11,3.79,4.05,3.74,4.03,"859,725,991"
2019-03-12,4.06,4.11,3.98,4.06,"579,574,794"
2019-03-13,4.1,4.25,4.09,4.22,"768,900,792"
2019-03-14,4.22,4.24,4.13,4.14,"519,385,195"
2019-03-15,4.18,4.29,4.18,4.25,"661,459,193"
2019-03-18,4.28,4.33,4.2,4.22,"486,993,195"
2019-03-19,4.32,4.44,4.3,4.39,"854,972,431"
2019-03-20,4.42,4.48,4.33,4.36,"719,148,833"
2019-03-21,4.38,4.63,4.38,4.6,"824,310,792"
2019-03-22,4.57,4.62,4.42,4.44,"747,643,593"
2019-03-25,4.4,4.46,4.28,4.34,"525,211,995"
2019-03-26,4.49,4.54,4.36,4.42,"703,507,193"
2019-03-27,4.45,4.49,4.34,4.41,"474,371,595"
2019-03-28,4.44,4.5,4.38,4.43,"480,263,995"
2019-03-29,4.5,4.51,4.45,4.49,"456,895,195"
2019-04-01,4.58,4.59,4.51,4.56,"483,824,395"
2019-04-02,4.58,4.62,4.54,4.58,"440,919,996"
2019-04-03,4.63,4.78,4.62,4.72,"788,778,832"
2019-04-04,4.7,4.75,4.64,4.71,"457,376,795"
2019-04-05,4.75,4.79,4.71,4.77,"481,745,995"
2019-04-08,4.74,4.82,4.72,4.79,"424,193,996"
2019-04-09,4.76,4.77,4.69,4.73,"439,972,796"
2019-04-10,4.73,4.83,4.73,4.8,"444,772,396"
2019-04-11,4.81,4.84,4.74,4.79,"374,601,476"
2019-04-12,4.83,4.83,4.74,4.75,"471,706,395"
2019-04-15,4.74,4.75,4.58,4.62,"440,093,996"
2019-04-16,4.66,4.72,4.62,4.71,"394,963,636"
2019-04-17,4.74,4.76,4.66,4.68,"351,002,716"
2019-04-18,4.69,4.72,4.63,4.66,"380,988,156"
2019-04-22,4.63,4.73,4.6,4.71,"279,935,517"
2019-04-23,4.73,4.8,4.72,4.77,"346,855,237"
2019-04-24,4.78,4.82,4.72,4.78,"318,204,797"
2019-04-25,4.74,4.76,4.59,4.67,"499,297,595"
2019-04-26,4.52,4.52,4.33,4.45,"868,989,191"
2019-04-29,4.46,4.51,4.39,4.48,"391,919,316"
2019-04-30,4.45,4.55,4.43,4.53,"362,921,596"
2019-05-01,4.58,4.62,4.51,4.51,"354,281,236"
2019-05-02,4.52,4.62,4.48,4.58,"394,685,396"
2019-05-03,4.59,4.6,4.51,4.58,"336,823,477"
2019-05-06,4.39,4.51,4.35,4.5,"422,177,996"
2019-05-07,4.45,4.45,4.28,4.33,"555,218,354"
2019-05-08,4.3,4.43,4.29,4.35,"419,165,996"
2019-05-09,4.28,4.29,4.14,4.25,"660,246,393"
2019-05-10,4.22,4.29,4.1,4.22,"569,497,994"
2019-05-13,4.09,4.11,3.95,3.96,"656,912,713"
2019-05-14,4.0,4.09,3.96,4.05,"524,878,795"
2019-05-15,4.0,4.03,3.94,3.99,"502,319,995"
2019-05-16,3.98,4.05,3.94,4.0,"781,087,952"
2019-05-17,3.96,4.09,3.87,3.91,"1,022,067,950"
2019-05-20,3.81,3.87,3.77,3.79,"572,065,234"
2019-05-21,3.86,3.89,3.82,3.88,"361,849,876"
2019-05-22,3.84,3.86,3.79,3.81,"325,869,597"
2019-05-23,3.74,3.74,3.62,3.68,"591,844,434"
2019-05-24,3.7,3.74,3.62,3.63,"357,585,276"
2019-05-28,3.65,3.68,3.58,3.58,"428,353,996"
2019-05-29,3.54,3.57,3.47,3.51,"559,801,594"
2019-05-30,3.51,3.54,3.44,3.48,"394,299,596"
2019-05-31,3.43,3.46,3.38,3.39,"389,719,676"
2019-06-03,3.4,3.44,3.32,3.34,"478,643,195"
2019-06-04,3.41,3.58,3.39,3.58,"641,835,594"
2019-06-05,3.65,3.65,3.5,3.53,"511,615,595"
2019-06-06,3.54,3.62,3.53,3.59,"408,138,396"
2019-06-07,3.6,3.67,3.58,3.64,"348,857,517"
2019-06-10,3.69,3.78,3.69,3.71,"402,780,796"
2019-06-11,3.77,3.81,3.73,3.77,"383,870,036"
2019-06-12,3.73,3.73,3.64,3.66,"358,891,916"
2019-06-13,3.68,3.73,3.66,3.71,"308,081,077"
2019-06-14,3.61,3.64,3.57,3.62,"394,426,236"
2019-06-17,3.61,3.66,3.59,3.63,"276,041,477"
2019-06-18,3.69,3.88,3.68,3.82,"581,918,034"
2019-06-19,3.86,3.87,3.8,3.83,"331,643,997"
2019-06-20,3.92,3.93,3.84,3.85,"350,167,276"
2019-06-21,3.84,3.89,3.79,3.79,"434,426,796"
2019-06-24,3.82,3.85,3.77,3.82,"282,948,677"
2019-06-25,3.82,3.9,3.78,3.79,"311,866,437"
2019-06-26,3.92,4.04,3.9,3.98,"584,073,234"
2019-06-27,4.07,4.1,4.03,4.08,"445,441,596"
2019-06-28,4.13,4.13,4.06,4.11,"397,666,356"
2019-07-01,4.31,4.35,4.12,4.15,"711,533,193"
2019-07-02,4.14,4.16,4.04,4.06,"400,227,596"
2019-07-03,4.08,4.09,4.01,4.07,"246,634,238"
2019-07-05,4.01,4.01,3.94,4.01,"396,553,876"
2019-07-08,3.95,3.96,3.9,3.93,"329,786,757"
2019-07-09,3.89,3.96,3.88,3.93,"342,860,477"
2019-07-10,3.98,4.06,3.96,4.0,"452,075,995"
2019-07-11,4.08,4.2,4.04,4.16,"682,558,433"
2019-07-12,4.19,4.26,4.19,4.19,"506,392,795"
2019-07-15,4.21,4.23,4.15,4.18,"289,839,717"
2019-07-16,4.17,4.2,4.12,4.18,"341,443,917"
2019-07-17,4.18,4.25,4.15,4.24,"348,204,277"
2019-07-18,4.25,4.32,4.2,4.25,"443,178,796"
2019-07-19,4.29,4.3,4.21,4.21,"344,895,797"
2019-07-22,4.23,4.3,4.23,4.28,"315,939,917"
2019-07-23,4.32,4.39,4.31,4.39,"428,176,396"
2019-07-24,4.44,4.47,4.36,4.47,"366,237,476"
2019-07-25,4.42,4.44,4.31,4.33,"392,698,116"
2019-07-26,4.36,4.42,4.36,4.38,"274,159,877"
2019-07-29,4.37,4.39,4.28,4.37,"248,161,958"
2019-07-30,4.32,4.4,4.31,4.39,"197,770,438"
2019-07-31,4.35,4.36,4.18,4.22,"359,415,636"
2019-08-01,4.23,4.32,4.07,4.12,"421,212,396"
2019-08-02,4.03,4.1,3.98,4.03,"428,349,196"
2019-08-05,3.85,3.85,3.72,3.77,"589,157,554"
2019-08-06,3.85,3.89,3.76,3.81,"361,270,676"
2019-08-07,3.75,3.86,3.73,3.85,"372,561,796"
2019-08-08,3.91,3.96,3.85,3.96,"309,298,877"
2019-08-09,3.92,3.92,3.8,3.85,"341,816,717"
2019-08-12,3.8,3.85,3.76,3.79,"279,200,477"
2019-08-13,3.78,3.95,3.75,3.9,"360,512,436"
2019-08-14,3.81,3.82,3.71,3.75,"419,881,196"
2019-08-15,3.77,3.79,3.68,3.72,"554,462,034"
2019-08-16,3.98,4.04,3.92,3.99,"1,015,385,230"
2019-08-19,4.1,4.29,4.09,4.27,"816,322,432"
2019-08-20,4.26,4.26,4.18,4.2,"463,521,595"
2019-08-21,4.26,4.34,4.24,4.28,"427,910,796"
2019-08-22,4.29,4.33,4.25,4.29,"303,756,677"
2019-08-23,4.21,4.26,4.04,4.06,"569,497,234"
2019-08-26,4.14,4.16,4.1,4.14,"318,594,157"
2019-08-27,4.17,4.18,4.02,4.05,"291,549,557"
2019-08-28,4.01,4.08,3.98,4.03,"255,828,117"
2019-08-29,4.12,4.21,4.12,4.18,"358,373,036"
2019-08-30,4.22,4.27,4.17,4.19,"290,908,477"
2019-09-03,4.11,4.15,4.08,4.1,"296,510,797"
2019-09-04,4.17,4.23,4.17,4.22,"228,120,358"
2019-09-05,4.32,4.5,4.32,4.49,"696,485,233"
2019-09-06,4.47,4.53,4.43,4.47,"376,976,756"
2019-09-09,4.5,4.6,4.5,4.51,"417,525,196"
2019-09-10,4.48,4.61,4.47,4.58,"352,812,196"
2019-09-11,4.59,4.66,4.57,4.61,"361,511,276"
2019-09-12,4.66,4.71,4.6,4.61,"327,840,997"
2019-09-13,4.54,4.58,4.5,4.55,"324,591,517"
2019-09-16,4.47,4.54,4.46,4.51,"231,831,838"
2019-09-17,4.51,4.53,4.47,4.53,"228,473,118"
2019-09-18,4.52,4.54,4.41,4.5,"264,037,677"
2019-09-19,4.51,4.52,4.41,4.42,"256,342,757"
2019-09-20,4.42,4.45,4.31,4.32,"357,251,796"
2019-09-23,4.32,4.42,4.31,4.37,"255,825,877"
2019-09-24,4.4,4.43,4.28,4.31,"321,241,797"
2019-09-25,4.31,4.48,4.27,4.46,"313,106,877"
2019-09-26,4.45,4.45,4.38,4.43,"237,825,918"
2019-09-27,4.39,4.44,4.23,4.29,"365,958,956"
2019-09-30,4.32,4.36,4.29,4.35,"193,199,078"
2019-10-01,4.38,4.53,4.35,4.35,"367,565,996"
2019-10-02,4.33,4.34,4.25,4.33,"295,661,757"
2019-10-03,4.33,4.54,4.3,4.53,"462,730,795"
2019-10-04,4.54,4.58,4.47,4.55,"267,960,197"
2019-10-07,4.61,4.71,4.61,4.61,"488,313,595"
2019-10-08,4.52,4.52,4.41,4.43,"449,342,796"
2019-10-09,4.51,4.57,4.48,4.52,"307,883,277"
2019-10-10,4.52,4.63,4.51,4.58,"327,515,557"
2019-10-11,4.66,4.73,4.64,4.65,"450,866,795"
2019-10-14,4.64,4.68,4.61,4.66,"210,335,758"
2019-10-15,4.75,4.98,4.74,4.91,"667,985,233"
2019-10-16,4.88,4.98,4.84,4.86,"432,753,196"
2019-10-17,4.9,4.95,4.8,4.86,"264,316,957"
2019-10-18,4.86,4.89,4.69,4.76,"307,624,197"
2019-10-21,4.82,4.91,4.81,4.9,"266,967,237"
2019-10-22,4.96,5.06,4.88,4.89,"337,369,117"
2019-10-23,4.81,4.89,4.78,4.88,"285,769,997"
2019-10-24,4.92,4.96,4.88,4.92,"239,037,318"
2019-10-25,5.0,5.13,4.99,5.11,"423,091,596"
2019-10-28,5.16,5.22,5.13,5.17,"330,791,637"
2019-10-29,5.16,5.16,5.05,5.07,"211,236,798"
2019-10-30,5.1,5.11,5.01,5.08,"205,961,518"
2019-10-31,5.05,5.08,4.95,5.03,"209,732,598"
2019-11-01,4.99,5.1,4.96,5.06,"283,638,237"
2019-11-04,5.15,5.28,5.12,5.26,"376,716,196"
2019-11-05,5.26,5.29,5.19,5.24,"300,868,477"
2019-11-06,5.22,5.24,5.1,5.19,"269,013,397"
2019-11-07,5.28,5.29,5.16,5.21,"280,339,917"
2019-11-08,5.19,5.23,5.15,5.19,"189,407,478"
2019-11-11,5.19,5.23,5.11,5.2,"243,789,438"
2019-11-12,5.24,5.3,5.21,5.24,"283,838,877"
2019-11-13,5.21,5.24,5.15,5.21,"302,364,957"
2019-11-14,5.22,5.25,5.16,5.24,"527,006,795"
2019-11-15,5.24,5.29,5.02,5.1,"1,054,216,389"
2019-11-18,5.1,5.33,5.09,5.31,"575,318,394"
2019-11-19,5.28,5.3,5.14,5.2,"415,380,396"
2019-11-20,5.18,5.36,5.16,5.28,"473,017,595"
2019-11-21,5.28,5.33,5.23,5.25,"288,389,157"
2019-11-22,5.28,5.32,5.25,5.27,"224,098,798"
2019-11-25,5.4,5.54,5.39,5.53,"507,347,595"
2019-11-26,5.51,5.52,5.42,5.43,"385,680,916"
2019-11-27,5.47,5.5,5.43,5.46,"216,428,718"
2019-11-29,5.43,5.45,5.39,5.42,"141,556,959"
2019-12-02,5.41,5.43,5.22,5.23,"373,869,676"
2019-12-03,5.05,5.2,5.01,5.19,"474,145,995"
2019-12-04,5.28,5.3,5.21,5.24,"273,618,357"
2019-12-05,5.26,5.27,5.19,5.22,"185,137,758"
2019-12-06,5.29,5.34,5.28,5.3,"232,418,278"
2019-12-09,5.28,5.36,5.27,5.3,"215,132,798"
2019-12-10,5.33,5.4,5.28,5.35,"256,689,117"
2019-12-11,5.36,5.44,5.36,5.43,"234,009,878"
2019-12-12,5.4,5.62,5.4,5.6,"406,083,196"
2019-12-13,5.6,5.72,5.55,5.6,"454,654,395"
2019-12-16,5.65,5.7,5.62,5.63,"321,307,357"
2019-12-17,5.65,5.73,5.64,5.71,"323,263,917"
2019-12-18,5.74,5.8,5.73,5.74,"344,278,757"
2019-12-19,5.77,5.9,5.77,5.89,"453,106,795"
2019-12-20,5.95,6.01,5.93,5.98,"603,384,394"
2019-12-23,6.01,6.05,5.96,5.97,"355,392,596"
2019-12-24,5.96,5.98,5.92,5.97,"138,863,879"
2019-12-26,5.97,6.01,5.95,5.98,"183,218,038"
2019-12-27,6.0,6.01,5.9,5.92,"254,810,037"
2019-12-30,5.9,5.91,5.78,5.81,"258,247,117"
2019-12-31,5.77,5.89,5.75,5.88,"231,211,318"
2020-01-02,5.97,6.0,5.92,6.0,"237,678,758"
2020-01-03,5.88,5.95,5.85,5.9,"205,772,318"
2020-01-06,5.81,5.93,5.78,5.93,"262,912,477"
2020-01-07,5.96,6.04,5.91,6.0,"319,205,757"
2020-01-08,5.99,6.05,5.95,6.01,"277,240,677"
2020-01-09,6.1,6.15,6.02,6.08,"255,442,117"
2020-01-10,6.18,6.21,6.09,6.11,"316,462,397"
2020-01-13,6.19,6.32,6.17,6.3,"320,338,077"
2020-01-14,6.26,6.28,6.17,6.18,"359,579,316"
2020-01-15,6.19,6.22,6.11,6.14,"263,105,437"
2020-01-16,6.19,6.23,6.17,6.22,"284,191,677"
2020-01-17,6.24,6.25,6.18,6.23,"253,790,557"
2020-01-21,6.2,6.23,6.16,6.2,"217,916,998"
2020-01-22,6.24,6.34,6.23,6.25,"239,238,678"
2020-01-23,6.29,6.33,6.2,6.32,"244,514,438"
2020-01-24,6.44,6.49,6.21,6.26,"373,513,556"
2020-01-27,5.96,6.06,5.81,6.01,"470,533,995"
2020-01-28,6.07,6.23,6.02,6.2,"310,976,037"
2020-01-29,6.18,6.22,6.1,6.14,"259,451,157"
2020-01-30,6.04,6.16,5.99,6.15,"290,503,557"
2020-01-31,6.1,6.11,5.87,5.91,"370,419,716"
2020-02-03,5.89,6.03,5.89,6.01,"255,928,197"
2020-02-04,6.15,6.2,6.1,6.18,"271,543,557"
2020-02-05,6.3,6.31,6.19,6.27,"208,220,078"
2020-02-06,6.3,6.36,6.22,6.36,"218,282,038"
2020-02-07,6.32,6.34,6.26,6.29,"189,752,118"
2020-02-10,6.31,6.58,6.31,6.57,"529,607,595"
2020-02-11,6.68,6.81,6.62,6.7,"638,556,794"
2020-02-12,6.75,6.82,6.71,6.81,"374,644,716"
2020-02-13,6.76,6.84,6.73,6.77,"528,015,195"
2020-02-14,7.18,7.37,7.15,7.24,"1,041,923,590"
2020-02-18,7.14,7.43,7.12,7.41,"621,881,234"
2020-02-19,7.54,7.89,7.54,7.87,"694,331,153"
2020-02-20,7.82,7.91,7.41,7.72,"810,050,392"
2020-02-21,7.6,7.63,7.27,7.35,"769,293,192"
2020-02-24,6.75,7.05,6.7,6.83,"856,914,751"
2020-02-25,6.91,6.97,6.45,6.55,"1,055,497,549"
2020-02-26,6.55,6.89,6.55,6.69,"749,661,553"
2020-02-27,6.37,6.68,6.22,6.32,"906,414,751"
2020-02-28,6.06,6.81,6.04,6.75,"1,134,675,229"
2020-03-02,6.92,6.94,6.53,6.91,"890,745,631"
2020-03-02,6.92,6.94,6.53,6.91,"890,745,631"
2020-03-03,6.97,7.03,6.56,6.65,"652,793,233"
2020-03-04,6.76,7.12,6.68,7.11,"597,407,154"
2020-03-05,6.91,7.08,6.79,6.83,"540,327,635"
2020-03-06,6.65,6.71,6.45,6.65,"515,412,395"
2020-03-09,6.0,6.49,5.95,6.14,"614,158,394"
2020-03-10,6.41,6.53,6.15,6.53,"580,648,754"
2020-03-11,6.39,6.42,6.06,6.16,"502,067,595"
2020-03-12,5.64,5.9,5.4,5.41,"816,541,552"
2020-03-13,5.76,6.03,5.49,6.02,"634,837,554"
2020-03-16,5.31,5.65,4.85,4.91,"726,972,033"
2020-03-17,5.02,5.52,4.78,5.43,"833,632,032"
2020-03-18,5.0,5.25,4.52,5.07,"874,266,391"
2020-03-19,5.05,5.42,4.83,5.32,"765,513,992"
2020-03-20,5.48,5.76,5.13,5.14,"804,633,992"
2020-03-23,5.14,5.41,4.96,5.32,"643,874,834"
2020-03-24,5.73,6.32,5.7,6.23,"1,101,644,069"
2020-03-25,6.35,6.55,6.09,6.14,"793,430,792"
2020-03-26,6.35,6.56,6.25,6.43,"697,587,553"
2020-03-27,6.25,6.58,6.22,6.32,"638,829,554"
2020-03-30,6.38,6.65,6.34,6.64,"602,249,994"
2020-03-31,6.68,6.88,6.44,6.59,"949,960,391"
2020-04-01,6.39,6.54,6.03,6.08,"656,913,193"
2020-04-02,6.11,6.4,6.06,6.39,"675,764,353"
2020-04-03,6.35,6.39,5.96,6.1,"663,214,073"
2020-04-06,6.38,6.75,6.32,6.71,"717,611,993"
2020-04-07,6.93,6.96,6.43,6.48,"784,522,032"
2020-04-08,6.59,6.7,6.52,6.67,"542,444,435"
2020-04-09,6.8,6.82,6.51,6.57,"526,247,995"
2020-04-13,6.51,6.76,6.43,6.75,"398,407,276"
2020-04-14,6.88,7.13,6.85,7.1,"530,946,795"
2020-04-15,6.93,7.1,6.88,7.02,"366,148,836"
2020-04-16,7.18,7.48,7.16,7.37,"745,620,393"
2020-04-17,7.45,7.47,7.17,7.31,"539,121,995"
2020-04-20,7.18,7.34,7.13,7.18,"449,388,396"
2020-04-21,7.06,7.12,6.68,6.74,"735,159,993"
2020-04-22,6.93,7.2,6.89,7.15,"484,729,195"
2020-04-23,7.2,7.33,7.08,7.1,"424,159,596"
2020-04-24,7.09,7.24,7.02,7.24,"352,645,476"
2020-04-27,7.37,7.59,7.35,7.43,"479,387,995"
2020-04-28,7.58,7.61,7.28,7.28,"442,903,996"
2020-04-29,7.42,7.51,7.34,7.46,"379,161,876"
2020-04-30,7.41,7.46,7.29,7.31,"375,917,716"
2020-05-01,7.11,7.22,7.02,7.07,"342,097,797"
2020-05-04,7.02,7.3,7.02,7.28,"317,555,197"
2020-05-05,7.39,7.51,7.28,7.34,"368,895,636"
2020-05-06,7.42,7.55,7.39,7.44,"323,465,597"
2020-05-07,7.58,7.69,7.53,7.62,"373,730,516"
2020-05-08,7.69,7.82,7.66,7.81,"339,907,117"
2020-05-11,7.81,8.11,7.78,8.07,"469,059,995"
2020-05-12,8.12,8.17,7.79,7.8,"493,059,195"
2020-05-13,7.92,8.08,7.59,7.78,"625,849,994"
2020-05-14,7.84,8.04,7.69,8.03,"602,312,394"
2020-05-15,7.89,8.5,7.87,8.49,"987,661,550"
2020-05-18,8.76,8.92,8.68,8.75,"776,403,592"
2020-05-19,8.79,9.09,8.76,8.81,"717,322,033"
2020-05-20,8.99,9.04,8.89,8.97,"587,536,394"
2020-05-21,9.05,9.05,8.74,8.78,"761,069,592"
2020-05-22,8.83,9.09,8.71,9.03,"1,038,765,230"
2020-05-26,9.16,9.18,8.67,8.72,"770,779,192"
2020-05-27,8.63,8.63,8.0,8.53,"1,175,892,428"
2020-05-28,8.41,8.76,8.38,8.49,"736,127,953"
2020-05-29,8.55,8.88,8.49,8.88,"745,919,593"
2020-06-01,8.83,8.84,8.69,8.81,"390,510,996"
2020-06-02,8.8,8.84,8.66,8.83,"391,320,556"
2020-06-03,8.82,8.87,8.7,8.77,"365,438,876"
2020-06-04,8.73,8.94,8.68,8.77,"424,278,396"
2020-06-05,8.79,9.0,8.71,8.92,"481,745,995"
2020-06-08,8.88,8.89,8.69,8.81,"387,737,236"
2020-06-09,8.8,9.11,8.75,9.05,"468,488,795"
2020-06-10,9.17,9.5,9.15,9.37,"632,181,554"
2020-06-11,9.15,9.26,8.79,8.8,"583,650,354"
2020-06-12,9.16,9.19,8.7,8.93,"570,907,954"
2020-06-15,8.82,9.18,8.74,9.17,"400,001,996"
2020-06-16,9.23,9.27,8.84,9.07,"535,715,195"
2020-06-17,9.11,9.3,9.07,9.24,"408,305,596"
2020-06-18,9.23,9.28,9.11,9.22,"254,409,517"
2020-06-19,9.24,9.45,9.23,9.26,"524,160,395"
2020-06-22,9.3,9.53,9.27,9.53,"398,466,476"
2020-06-23,9.55,9.64,9.41,9.45,"375,107,396"
2020-06-24,9.48,9.56,9.14,9.24,"449,370,796"
2020-06-25,9.36,9.51,9.18,9.49,"376,071,996"
2020-06-26,9.5,9.5,9.13,9.16,"592,085,554"
2020-06-29,9.17,9.2,8.9,9.2,"342,248,117"
2020-06-30,9.31,9.53,9.27,9.5,"367,891,996"
2020-07-01,9.52,9.58,9.41,9.53,"326,646,757"
2020-07-02,9.64,9.74,9.58,9.61,"364,054,076"
2020-07-06,9.74,9.91,9.71,9.84,"315,893,717"
2020-07-07,9.95,10.07,9.85,9.87,"357,799,716"
2020-07-08,9.99,10.23,9.97,10.22,"365,480,516"
2020-07-09,10.38,10.57,10.23,10.51,"494,547,195"
2020-07-10,10.59,10.66,10.38,10.48,"497,674,795"
2020-07-13,10.6,10.79,10.03,10.05,"457,074,795"
2020-07-14,10.08,10.4,9.79,10.38,"542,674,355"
2020-07-15,10.41,10.43,10.06,10.23,"403,984,796"
2020-07-16,10.02,10.21,9.9,10.13,"344,964,717"
2020-07-17,10.23,10.25,10.09,10.2,"266,284,637"
2020-07-20,10.27,10.53,10.16,10.51,"284,850,837"
2020-07-21,10.51,10.56,10.29,10.33,"277,666,837"
2020-07-22,10.37,10.6,10.29,10.44,"367,290,836"
2020-07-23,10.45,10.55,10.03,10.13,"411,661,196"
2020-07-24,9.88,10.36,9.78,10.19,"473,291,995"
2020-07-27,10.23,10.44,10.22,10.42,"292,130,197"
2020-07-28,10.37,10.38,10.21,10.22,"271,636,037"
2020-07-29,10.39,10.52,10.35,10.47,"284,507,677"
2020-07-30,10.38,10.62,10.3,10.61,"308,880,157"
2020-07-31,10.56,10.77,10.43,10.61,"386,285,996"
2020-08-03,10.73,11.1,10.72,11.01,"413,018,396"
2020-08-04,11.05,11.23,10.91,11.23,"310,335,597"
2020-08-05,11.24,11.37,11.17,11.29,"250,499,717"
2020-08-06,11.35,11.36,11.18,11.34,"244,315,678"
2020-08-07,11.31,11.5,11.04,11.2,"342,515,957"
2020-08-10,11.33,11.41,10.86,11.17,"427,795,996"
2020-08-11,11.07,11.14,10.8,10.85,"354,510,516"
2020-08-12,10.99,11.47,10.96,11.44,"464,942,795"
2020-08-13,11.55,11.72,11.36,11.44,"374,459,556"
2020-08-14,11.53,11.7,11.44,11.56,"366,436,156"
2020-08-17,11.85,12.41,11.82,12.34,"621,300,794"
2020-08-18,12.45,12.5,12.09,12.26,"503,446,395"
2020-08-19,12.3,12.32,12.1,12.14,"622,622,394"
2020-08-20,11.98,12.38,11.88,12.14,"921,386,391"
2020-08-21,12.2,12.81,12.2,12.68,"999,869,590"
2020-08-24,12.88,12.91,12.51,12.72,"490,564,395"
2020-08-25,12.63,12.76,12.57,12.75,"289,076,797"
2020-08-26,12.8,12.87,12.68,12.77,"321,242,917"
2020-08-27,12.78,12.85,12.57,12.63,"317,602,917"
2020-08-28,12.67,13.15,12.64,13.15,"537,158,395"
2020-08-31,13.18,13.58,13.04,13.37,"500,841,195"
2020-09-01,13.48,13.99,13.44,13.82,"512,473,995"
2020-09-02,14.7,14.73,13.9,14.35,"874,012,791"
2020-09-03,13.83,13.88,12.88,13.02,"945,125,991"
2020-09-04,12.78,13.18,11.7,12.62,"1,463,682,785"
2020-09-08,11.73,12.55,11.7,11.91,"795,729,592"
2020-09-09,12.4,12.81,12.23,12.72,"736,198,433"
2020-09-10,12.99,13.07,12.17,12.31,"698,684,353"
2020-09-11,12.49,12.65,11.9,12.16,"636,926,794"
2020-09-14,13.08,13.32,12.63,12.87,"1,201,744,748"
2020-09-15,13.28,13.3,12.83,12.99,"727,556,393"
2020-09-16,12.96,13.09,12.51,12.51,"557,599,634"
2020-09-17,12.13,12.59,12.03,12.46,"792,511,552"
2020-09-18,12.59,12.63,11.99,12.19,"698,462,033"
2020-09-21,11.93,12.52,11.9,12.52,"721,042,433"
2020-09-22,12.58,12.65,12.16,12.64,"646,451,954"
2020-09-23,12.58,12.73,12.08,12.12,"647,012,434"
2020-09-24,12.07,12.57,12.01,12.35,"731,240,393"
2020-09-25,12.45,12.88,12.25,12.87,"588,016,394"
2020-09-28,13.04,13.05,12.75,13.04,"573,809,234"
2020-09-29,12.94,13.44,12.93,13.23,"623,004,794"
2020-09-30,13.16,13.62,13.15,13.53,"689,183,993"
2020-10-01,13.76,13.76,13.46,13.61,"525,002,395"
2020-10-02,13.23,13.52,13.05,13.06,"552,495,994"
2020-10-05,13.24,13.64,13.22,13.64,"479,818,395"
2020-10-06,13.83,14.14,13.67,13.74,"784,419,992"
2020-10-07,14.0,14.12,13.86,13.96,"418,085,196"
2020-10-08,14.08,14.08,13.76,13.84,"378,900,876"
2020-10-09,13.77,13.82,13.66,13.76,"346,890,917"
2020-10-12,13.99,14.35,13.91,14.23,"434,743,996"
2020-10-13,14.3,14.35,14.02,14.25,"344,603,117"
2020-10-14,14.29,14.34,13.96,14.1,"276,647,117"
2020-10-15,13.81,14.01,13.77,13.97,"267,225,117"
2020-10-16,14.04,14.12,13.79,13.81,"242,639,598"
2020-10-19,13.9,13.98,13.41,13.5,"298,068,517"
2020-10-20,13.58,13.8,13.51,13.65,"229,212,038"
2020-10-21,13.63,13.79,13.48,13.52,"219,597,318"
2020-10-22,13.52,13.61,13.23,13.36,"290,479,397"
2020-10-23,13.45,13.59,13.29,13.59,"233,484,278"
2020-10-26,13.43,13.69,13.04,13.14,"336,894,317"
2020-10-27,13.31,13.44,13.19,13.4,"250,519,677"
2020-10-28,13.2,13.26,12.61,12.63,"376,518,076"
2020-10-29,12.84,13.19,12.75,13.02,"320,081,797"
2020-10-30,12.85,12.94,12.3,12.53,"417,395,996"
2020-11-02,12.66,12.84,12.4,12.58,"299,652,637"
2020-11-03,12.71,13.11,12.6,13.02,"272,901,077"
2020-11-04,13.39,13.83,13.34,13.79,"410,229,196"
2020-11-05,14.16,14.34,13.99,14.16,"319,028,317"
2020-11-06,14.11,14.59,13.9,14.56,"383,349,276"
2020-11-09,14.55,14.69,13.61,13.63,"582,977,994"
2020-11-10,13.61,13.61,12.63,12.77,"644,067,194"
2020-11-11,13.05,13.43,12.95,13.42,"404,743,596"
2020-11-12,13.48,13.77,13.32,13.46,"366,634,996"
2020-11-13,13.63,13.67,13.06,13.3,"346,762,317"
2020-11-16,13.17,13.65,13.16,13.52,"413,774,796"
2020-11-17,13.55,13.6,13.3,13.42,"312,027,997"
2020-11-18,13.47,13.61,13.19,13.43,"510,925,195"
2020-11-19,13.21,13.49,13.1,13.44,"565,934,394"
2020-11-20,13.45,13.49,13.07,13.09,"341,089,797"
2020-11-23,13.17,13.38,13.02,13.14,"361,354,196"
2020-11-24,13.14,13.16,12.89,12.96,"346,499,957"
2020-11-25,13.03,13.27,13.02,13.23,"259,916,397"
2020-11-27,13.38,13.41,13.17,13.26,"167,275,198"
2020-11-30,13.27,13.41,12.97,13.4,"286,951,997"
2020-12-01,13.49,13.53,13.23,13.39,"297,571,277"
2020-12-02,13.35,13.67,13.23,13.54,"283,361,157"
2020-12-03,13.59,13.66,13.33,13.4,"199,520,638"
2020-12-04,13.45,13.56,13.39,13.56,"202,243,398"
2020-12-07,13.6,13.73,13.5,13.61,"223,243,238"
2020-12-08,13.59,13.6,13.28,13.35,"271,920,837"
2020-12-09,13.3,13.41,12.87,12.93,"401,301,196"
2020-12-10,12.87,13.07,12.85,12.97,"207,764,718"
2020-12-11,12.97,13.02,12.82,13.01,"209,265,638"
2020-12-14,13.09,13.39,13.08,13.31,"270,157,877"
2020-12-15,13.44,13.46,13.19,13.36,"193,485,918"
2020-12-16,13.42,13.44,13.21,13.24,"223,114,678"
2020-12-17,13.37,13.38,13.18,13.34,"231,383,878"
2020-12-18,13.38,13.41,13.07,13.27,"342,064,637"
2020-12-21,13.07,13.37,12.97,13.33,"302,332,157"
2020-12-22,13.32,13.34,13.05,13.28,"186,314,878"
2020-12-23,13.26,13.28,13.01,13.01,"179,142,758"
2020-12-24,13.04,13.13,12.94,12.99,"97,883,519"
2020-12-28,13.06,13.06,12.76,12.9,"212,565,638"
2020-12-29,12.93,13.07,12.84,12.94,"170,372,158"
2020-12-30,12.99,13.21,12.9,13.15,"225,397,158"
2020-12-31,13.14,13.15,12.92,13.06,"192,424,398"
2021-01-04,13.1,13.65,12.96,13.11,"560,641,994"
2021-01-05,13.1,13.44,13.09,13.4,"322,759,917"
2021-01-06,13.22,13.25,12.59,12.61,"580,423,154"
2021-01-07,12.97,13.38,12.89,13.34,"461,481,595"
2021-01-08,13.36,13.42,13.04,13.28,"292,528,597"
2021-01-11,13.42,13.96,13.36,13.62,"519,028,795"
2021-01-12,13.75,13.75,13.35,13.48,"291,477,717"
2021-01-13,13.49,13.62,13.39,13.53,"210,028,438"
2021-01-14,13.58,13.6,13.18,13.2,"283,120,277"
2021-01-15,13.23,13.33,12.85,12.86,"277,781,277"
2021-01-19,13.02,13.09,12.84,13.03,"226,186,878"
2021-01-20,13.11,13.43,13.06,13.37,"258,570,877"
2021-01-21,13.42,14.0,13.25,13.87,"338,339,597"
2021-01-22,13.74,13.84,13.63,13.71,"246,818,558"
2021-01-25,13.78,13.83,13.24,13.65,"251,111,157"
2021-01-26,13.58,13.64,13.39,13.44,"163,980,398"
2021-01-27,13.23,13.23,12.79,12.92,"371,272,836"
2021-01-28,13.0,13.34,12.96,13.05,"228,315,958"
2021-01-29,13.08,13.33,12.91,12.99,"271,552,037"
2021-02-01,13.05,13.27,12.9,13.24,"217,204,318"
2021-02-02,13.4,13.57,13.29,13.56,"220,438,278"
2021-02-03,13.64,13.93,13.52,13.53,"245,409,278"
2021-02-04,13.53,13.67,13.34,13.66,"201,338,478"
2021-02-05,13.73,13.74,13.55,13.59,"169,153,638"
2021-02-08,13.73,14.47,13.73,14.44,"434,622,796"
2021-02-09,14.34,14.58,14.22,14.26,"287,560,117"
2021-02-10,14.46,14.91,14.34,14.76,"485,352,395"
2021-02-11,14.98,15.27,14.93,15.25,"450,827,595"
2021-02-12,15.05,15.29,14.78,14.96,"374,757,476"
2021-02-16,15.06,15.37,14.95,15.33,"321,959,517"
2021-02-17,15.17,15.22,14.78,14.91,"275,698,677"
2021-02-18,14.73,14.87,14.58,14.83,"234,080,798"
2021-02-19,15.02,15.18,14.85,14.93,"271,724,157"
2021-02-22,14.77,15.13,14.33,14.36,"325,885,597"
2021-02-23,14.08,14.24,13.39,14.14,"391,779,316"
2021-02-24,14.12,14.51,13.76,14.5,"448,319,196"
2021-02-25,14.05,14.37,13.22,13.31,"824,435,992"
2021-02-26,13.75,13.85,13.36,13.71,"500,930,395"
2021-03-01,13.88,13.93,13.55,13.84,"353,182,996"
2022-03-01,24.29,24.38,23.13,23.48,"412,056,016"
2022-03-02,23.76,24.41,23.42,24.22,"389,641,906"
2022-03-03,24.26,24.33,23.47,23.71,"365,094,996"
2022-03-04,23.38,23.68,22.48,22.94,"432,010,696"
2022-03-07,22.82,23.03,21.33,21.35,"450,820,895"
2022-03-08,21.31,22.37,20.65,21.51,"557,467,184"
2022-03-09,22.39,23.22,22.25,23.01,"492,741,985"
2022-03-10,22.53,22.79,21.88,22.66,"428,065,656"
2022-03-11,23.02,23.15,22.05,22.1,"367,208,586"
2022-03-14,21.87,22.26,21.16,21.33,"385,354,216"
2022-03-15,21.52,23.04,21.32,22.97,"491,995,655"
2022-03-16,23.5,24.6,23.17,24.5,"671,421,713"
2022-03-17,24.12,24.84,23.91,24.77,"471,941,205"
2022-03-18,24.8,26.57,24.62,26.45,"730,718,583"
2022-03-21,26.51,27.15,25.97,26.73,"591,727,104"
2022-03-22,26.73,27.24,26.07,26.52,"547,007,105"
2022-03-23,26.13,26.61,25.58,25.63,"502,119,915"
2022-03-24,26.17,28.32,25.91,28.15,"877,379,131"
2022-03-25,27.89,28.36,27.27,27.69,"579,016,204"
2022-03-28,27.76,28.25,27.21,28.22,"425,493,906"
2022-03-29,28.69,28.95,27.98,28.66,"488,984,405"
2022-03-30,28.3,28.5,27.5,27.69,"463,487,105"
2022-03-31,27.78,28.25,27.27,27.29,"523,440,195"
2022-04-01,27.38,27.5,26.27,26.71,"517,235,115"
2022-04-04,26.73,27.56,26.61,27.36,"397,707,806"
2022-04-05,27.25,27.32,25.82,25.93,"436,614,726"
2022-04-06,24.93,25.3,24.0,24.41,"703,832,653"
2022-04-07,24.44,24.72,23.48,24.21,"557,992,374"
2022-04-08,23.92,23.92,23.06,23.12,"524,780,585"
2022-04-11,22.21,22.32,21.66,21.92,"575,206,794"
2022-04-12,22.54,22.73,21.28,21.5,"662,258,043"
2022-04-13,21.73,22.5,21.46,22.2,"516,943,395"
2022-04-14,22.51,22.78,21.16,21.26,"569,096,904"
2022-04-18,21.2,22.09,21.08,21.78,"525,700,585"
2022-04-19,21.72,22.37,21.31,22.2,"512,780,585"
2022-04-20,22.52,22.67,21.2,21.48,"468,974,405"
2022-04-21,21.71,22.39,20.0,20.18,"656,209,373"
2022-04-22,20.3,20.49,19.5,19.52,"624,713,394"
2022-04-25,19.2,19.95,19.1,19.9,"641,565,544"
2022-04-26,19.72,19.79,18.67,18.79,"653,142,453"
2022-04-27,18.6,19.17,18.29,18.42,"499,460,195"
2022-04-28,18.97,20.04,18.49,19.78,"570,326,714"
2022-04-29,19.4,20.13,18.52,18.55,"500,434,875"
2022-05-02,18.54,19.57,18.39,19.53,"572,048,704"
2022-05-03,19.4,19.83,19.13,19.6,"475,750,775"
2022-05-04,19.92,20.4,18.75,20.33,"648,854,604"
2022-05-05,19.87,19.93,18.5,18.84,"626,331,404"
2022-05-06,18.74,19.51,17.99,18.68,"633,296,714"
2022-05-09,18.03,18.26,16.83,16.95,"644,454,484"
2022-05-10,17.69,18.2,17.03,17.6,"761,474,292"
2022-05-11,17.35,17.75,16.57,16.63,"670,167,023"
2022-05-12,16.22,16.79,15.57,16.18,"708,728,433"
2022-05-13,16.79,17.93,16.59,17.71,"670,436,473"
2022-05-16,17.51,17.79,17.11,17.26,"521,446,015"
2022-05-17,18.07,18.37,17.63,18.18,"585,829,724"
2022-05-18,17.71,18.12,16.86,16.94,"545,161,085"
2022-05-19,16.94,17.69,16.73,17.12,"621,309,564"
2022-05-20,17.33,17.41,15.76,16.69,"739,105,303"
2022-05-23,16.27,16.92,16.18,16.9,"639,888,704"
2022-05-24,16.51,16.6,15.78,16.15,"588,550,034"
2022-05-25,16.02,17.11,16.0,16.98,"781,131,942"
2022-05-26,16.04,18.09,16.02,17.85,"996,574,440"
2022-05-27,18.19,18.88,18.1,18.81,"738,379,373"
2022-05-31,18.98,19.2,18.35,18.67,"664,099,523"
2022-06-01,18.72,19.05,18.12,18.32,"544,513,905"
2022-06-02,18.29,19.62,18.2,19.59,"648,655,774"
2022-06-03,19.08,19.33,18.52,18.72,"598,778,664"
2022-06-06,19.14,19.34,18.56,18.79,"422,406,206"
2022-06-07,18.47,19.0,18.19,18.93,"388,914,056"
2022-06-08,18.8,19.18,18.54,18.65,"363,252,456"
2022-06-09,18.48,18.93,18.04,18.05,"395,573,786"
2022-06-10,17.6,17.7,16.87,16.97,"465,649,685"
2022-06-13,16.0,16.31,15.61,15.65,"604,153,394"
2022-06-14,15.73,16.07,15.41,15.84,"469,679,525"
2022-06-15,16.1,16.87,15.93,16.53,"563,935,654"
2022-06-16,15.86,15.94,15.4,15.6,"545,748,745"
2022-06-17,15.65,16.0,15.33,15.88,"630,334,014"
2022-06-21,16.47,17.01,16.41,16.57,"483,088,865"
2022-06-22,16.23,16.66,16.18,16.36,"437,997,376"
2022-06-23,16.52,16.59,15.85,16.23,"463,679,605"
2022-06-24,16.5,17.14,16.31,17.13,"472,152,805"
2022-06-27,17.31,17.33,16.63,16.87,"427,967,926"
2022-06-28,16.9,17.2,15.95,15.98,"461,859,405"
2022-06-29,15.81,15.82,15.17,15.54,"482,352,295"
2022-06-30,15.36,15.57,14.86,15.16,"686,069,993"
2022-07-01,14.9,15.06,14.39,14.52,"577,610,034"
2022-07-05,14.18,14.97,14.06,14.96,"652,207,653"
2022-07-06,15.01,15.32,14.79,15.13,"529,065,935"
2022-07-07,15.46,15.95,15.39,15.86,"492,902,805"
2022-07-08,15.43,16.04,15.39,15.84,"467,971,795"
2022-07-11,15.53,15.53,15.04,15.15,"438,388,706"
2022-07-12,15.27,15.43,14.88,15.08,"458,483,115"
2022-07-13,14.59,15.38,14.47,15.16,"521,918,315"
2022-07-14,15.11,15.47,14.73,15.37,"456,234,795"
2022-07-15,15.66,15.78,15.45,15.76,"385,935,506"
2022-07-18,16.3,16.9,16.0,16.1,"670,517,493"
2022-07-19,16.49,17.11,16.17,16.99,"702,366,083"
2022-07-20,16.95,17.93,16.8,17.81,"760,537,722"
2022-07-21,17.89,18.14,17.54,18.05,"557,049,294"
2022-07-22,17.89,17.97,17.14,17.32,"536,670,895"
2022-07-25,17.02,17.12,16.65,17.02,"480,747,535"
2022-07-26,16.89,16.92,16.48,16.53,"397,864,876"
2022-07-27,17.03,17.94,16.91,17.79,"569,776,204"
2022-07-28,17.98,18.14,17.44,17.98,"474,646,325"
2022-07-29,17.81,18.24,17.69,18.16,"435,460,386"
2022-08-01,18.18,18.85,17.99,18.44,"476,468,975"
2022-08-02,18.12,18.94,18.09,18.53,"489,526,875"
2022-08-03,18.18,18.97,18.14,18.89,"418,145,586"
2022-08-04,18.85,19.27,18.76,19.22,"409,652,296"
2022-08-05,18.81,19.23,18.67,18.99,"386,068,316"
2022-08-08,17.5,18.24,17.24,17.79,"983,783,190"
2022-08-09,17.25,17.45,16.72,17.09,"668,262,723"
2022-08-10,17.7,18.12,17.32,18.1,"597,422,454"
2022-08-11,18.13,18.71,17.88,17.94,"509,326,595"
2022-08-12,18.16,18.72,17.95,18.71,"478,094,215"
2022-08-15,18.7,19.16,18.61,19.03,"457,665,585"
2022-08-16,18.92,19.14,18.5,18.88,"451,239,605"
2022-08-17,18.52,18.69,18.15,18.34,"446,799,096"
2022-08-18,18.3,18.86,18.18,18.77,"415,446,596"
2022-08-19,18.41,18.52,17.77,17.85,"441,588,316"
2022-08-22,17.49,17.56,16.97,17.03,"409,592,726"
2022-08-23,16.99,17.47,16.97,17.18,"369,985,776"
2022-08-24,17.01,17.41,16.9,17.22,"522,660,695"
2022-08-25,16.84,17.95,16.83,17.91,"770,691,242"
2022-08-26,17.86,17.92,16.24,16.26,"769,127,332"
2022-08-29,16.02,16.34,15.77,15.8,"496,131,905"
2022-08-30,15.96,16.04,15.18,15.47,"530,180,695"
2022-08-31,15.38,15.54,14.96,15.09,"573,709,874"
2022-09-01,14.21,14.38,13.27,13.94,"1,178,864,828"
2022-09-02,14.1,14.17,13.59,13.65,"743,157,493"
2022-09-06,13.73,13.78,13.35,13.47,"535,751,205"
2022-09-07,13.56,13.84,13.35,13.71,"512,657,535"
2022-09-08,13.46,14.01,13.37,13.99,"624,873,084"
2022-09-09,14.16,14.47,14.13,14.39,"487,128,395"
2022-09-12,14.37,14.55,14.2,14.51,"484,159,215"
2022-09-13,13.8,13.92,13.1,13.13,"714,955,613"
2022-09-14,13.25,13.29,12.91,13.13,"588,506,514"
2022-09-15,13.02,13.23,12.79,12.93,"523,625,195"
2022-09-16,12.74,13.21,12.62,13.2,"670,751,323"
2022-09-19,13.01,13.46,13.01,13.38,"569,685,224"
2022-09-20,13.21,13.48,13.06,13.18,"524,817,805"
2022-09-21,13.21,14.03,13.11,13.26,"807,679,372"
2022-09-22,13.07,13.15,12.43,12.56,"759,162,262"
2022-09-23,12.42,12.61,12.26,12.52,"663,309,213"
2022-09-26,12.49,12.66,12.21,12.23,"547,342,725"
2022-09-27,12.51,12.74,12.26,12.41,"553,854,054"
2022-09-28,12.41,12.82,12.35,12.74,"542,413,865"
2022-09-29,12.45,12.5,11.95,12.22,"532,763,115"
2022-09-30,12.09,12.63,12.08,12.14,"565,638,394"
2022-10-03,12.35,12.68,12.11,12.51,"547,478,475"
2022-10-04,12.88,13.22,12.88,13.17,"584,181,714"
2022-10-05,12.91,13.32,12.62,13.21,"507,130,695"
2022-10-06,13.22,13.66,13.1,13.13,"644,156,874"
2022-10-07,12.51,12.67,12.02,12.08,"672,478,193"
2022-10-10,12.04,12.12,11.41,11.67,"698,699,293"
2022-10-11,11.56,11.85,11.28,11.59,"667,481,553"
2022-10-12,11.58,11.74,11.35,11.5,"492,590,195"
2022-10-13,10.97,12.08,10.81,11.96,"850,103,041"
2022-10-14,12.06,12.11,11.2,11.23,"713,432,023"
2022-10-17,11.52,11.95,11.52,11.89,"580,774,214"
2022-10-18,12.34,12.49,11.62,11.97,"659,362,023"
2022-10-19,11.88,12.35,11.83,12.05,"523,130,585"
2022-10-20,12.11,12.77,12.11,12.19,"652,397,573"
2022-10-21,12.1,12.5,11.89,12.47,"609,494,404"
2022-10-24,12.51,12.71,12.06,12.6,"517,457,375"
2022-10-25,12.69,13.3,12.66,13.26,"505,482,295"
2022-10-26,12.87,13.39,12.71,12.9,"535,533,275"
2022-10-27,13.63,13.84,13.12,13.18,"583,113,084"
2022-10-28,13.1,13.85,13.06,13.83,"521,039,915"
2022-10-31,13.78,13.84,13.3,13.5,"486,341,015"
2022-11-01,13.81,13.93,13.52,13.54,"432,816,876"
2022-11-02,13.85,14.21,13.21,13.22,"672,627,803"
2022-11-03,13.04,13.78,12.96,13.42,"500,064,875"
2022-11-04,13.99,14.23,13.7,14.16,"612,575,974"
2022-11-07,14.23,14.41,13.95,14.3,"410,061,016"
2022-11-08,14.8,14.89,14.22,14.6,"595,291,944"
2022-11-09,14.16,14.21,13.76,13.78,"454,413,665"
2022-11-10,14.8,15.77,14.55,15.75,"700,819,293"
2022-11-11,15.81,16.39,15.48,16.33,"655,487,493"
2022-11-14,16.22,16.54,15.92,16.3,"527,852,455"
2022-11-15,16.72,17.0,16.38,16.67,"545,875,505"
2022-11-16,16.16,16.36,15.87,15.91,"649,546,834"
2022-11-17,15.72,16.27,15.54,15.68,"710,893,583"
2022-11-18,15.97,16.0,15.12,15.41,"492,071,675"
2022-11-21,15.15,15.48,15.08,15.32,"404,739,296"
2022-11-22,15.33,16.06,15.12,16.04,"472,866,085"
2022-11-23,16.1,16.53,16.05,16.52,"427,240,896"
2022-11-25,16.32,16.49,16.17,16.27,"167,934,298"
2022-11-28,16.03,16.36,15.73,15.83,"304,151,987"
2022-11-29,15.83,15.93,15.52,15.64,"298,384,467"
2022-11-30,15.7,16.93,15.6,16.92,"565,298,194"
2022-12-01,17.0,17.27,16.64,17.14,"470,976,595"
2022-12-02,16.66,16.93,16.45,16.88,"371,388,586"
2022-12-05,16.68,17.0,16.47,16.61,"352,255,196"
2022-12-06,16.53,16.57,15.82,15.99,"352,694,336"
2022-12-07,15.77,16.19,15.67,16.12,"372,387,616"
2022-12-08,16.27,17.18,15.96,17.17,"515,455,505"
2022-12-09,17.16,17.58,16.98,17.0,"465,338,195"
2022-12-12,17.04,17.54,16.8,17.54,"457,327,805"
2022-12-13,18.53,18.79,17.71,18.07,"656,588,823"
2022-12-14,17.99,18.25,17.42,17.67,"496,888,085"
2022-12-15,17.15,17.32,16.7,16.95,"478,542,065"
2022-12-16,16.86,17.04,16.41,16.57,"478,231,905"
2022-12-19,16.57,16.61,16.15,16.25,"354,038,786"
2022-12-20,16.06,16.31,15.85,16.09,"403,259,796"
2022-12-21,16.11,16.63,16.1,16.5,"325,025,427"
2022-12-22,16.09,16.14,14.88,15.34,"565,045,224"
2022-12-23,15.2,15.34,14.88,15.21,"349,325,587"
2022-12-27,15.07,15.1,14.06,14.12,"464,902,295"
2022-12-28,13.93,14.26,13.88,14.04,"351,066,476"
2022-12-29,14.4,14.68,14.23,14.6,"354,923,196"
2022-12-30,14.33,14.63,14.23,14.61,"310,489,797"
2023-01-03,14.85,15.0,14.1,14.32,"401,276,596"
2023-01-04,14.57,14.85,14.24,14.75,"431,323,586"
2023-01-05,14.49,14.56,14.15,14.27,"389,168,086"
2023-01-06,14.47,15.01,14.03,14.86,"405,043,586"
2023-01-09,15.28,16.06,15.14,15.63,"504,230,585"
2023-01-10,15.51,15.96,15.47,15.91,"384,101,286"
2023-01-11,15.84,16.03,15.56,16.0,"353,284,876"
2023-01-12,16.1,16.64,15.49,16.51,"551,409,054"
2023-01-13,16.28,16.92,16.17,16.9,"447,287,106"
2023-01-17,16.9,17.73,16.9,17.7,"511,102,185"
2023-01-18,17.67,17.87,17.28,17.38,"439,623,586"
2023-01-19,17.04,17.2,16.73,16.77,"452,931,595"
2023-01-20,17.01,17.86,16.83,17.84,"564,967,104"
2023-01-23,18.06,19.25,17.82,19.19,"655,162,573"
2023-01-24,18.83,19.5,18.82,19.27,"496,204,055"
2023-01-25,18.91,19.37,18.58,19.32,"449,537,106"
2023-01-26,19.7,20.17,19.28,19.8,"489,535,385"
2023-01-27,19.46,20.63,19.41,20.37,"542,142,025"
2023-01-30,19.95,20.14,19.15,19.16,"488,611,205"
2023-01-31,19.17,19.69,18.95,19.54,"498,016,595"
2023-02-01,19.69,21.19,19.61,20.94,"660,477,023"
2023-02-02,21.0,21.95,20.7,21.71,"564,275,774"
2023-02-03,21.0,21.74,20.79,21.1,"429,366,016"
2023-02-06,20.81,21.57,20.79,21.09,"452,197,105"
2023-02-07,21.38,22.26,21.15,22.17,"664,149,523"
2023-02-08,22.39,22.88,22.01,22.21,"559,651,204"
2023-02-09,22.61,23.02,22.12,22.34,"523,875,775"
2023-02-10,21.69,22.08,20.81,21.27,"550,736,754"
2023-02-13,21.54,22.05,20.96,21.79,"474,918,585"
2023-02-14,21.58,23.05,21.37,22.97,"675,473,513"
2023-02-15,22.55,22.86,22.11,22.76,"421,188,316"
2023-02-16,22.13,22.55,21.93,22.0,"412,026,326"
2023-02-17,21.63,21.74,20.98,21.39,"465,887,615"
2023-02-21,21.0,21.49,20.62,20.66,"410,014,606"
2023-02-22,20.71,21.1,20.42,20.75,"513,184,335"
2023-02-23,23.44,23.89,23.03,23.66,"1,117,995,069"
2023-02-24,23.23,23.47,22.95,23.29,"589,715,934"
2023-02-27,23.67,23.88,23.45,23.5,"452,993,665"
2023-02-28,23.37,23.83,23.21,23.22,"455,962,805"
2023-03-01,23.19,23.26,22.51,22.7,"460,025,585"
2023-03-01,23.19,23.26,22.51,22.7,"460,025,585"
2023-03-02,22.49,23.38,22.43,23.31,"390,074,726"
2023-03-03,23.32,23.9,23.13,23.89,"412,393,276"
2023-03-06,23.89,24.25,23.49,23.55,"437,429,216"
2023-03-07,23.6,24.13,23.24,23.29,"515,153,905"
2023-03-08,23.49,24.2,23.42,24.18,"513,573,395"
2023-03-09,24.18,24.45,23.38,23.44,"501,256,985"
2023-03-10,23.41,23.63,22.73,22.97,"474,865,655"
2023-03-13,22.75,23.3,22.3,22.97,"421,890,306"
2023-03-14,23.5,24.22,23.46,24.06,"474,910,075"
2023-03-15,23.76,24.29,23.36,24.23,"524,485,655"
2023-03-16,24.03,25.59,23.89,25.54,"584,946,324"
2023-03-17,25.98,26.4,25.67,25.73,"848,546,552"
2023-03-20,25.62,26.02,25.13,25.9,"432,747,186"
2023-03-21,26.18,26.39,25.38,26.2,"547,407,805"
2023-03-22,26.43,27.59,26.24,26.47,"797,295,152"
2023-03-23,27.12,27.5,26.69,27.19,"564,888,744"
2023-03-24,27.03,27.17,26.36,26.78,"455,414,055"
2023-03-27,26.84,27.0,26.37,26.53,"361,025,656"
2023-03-28,26.45,26.51,25.85,26.41,"356,103,786"
2023-03-29,26.83,27.08,26.6,26.98,"393,693,906"
2023-03-30,27.23,27.5,27.1,27.38,"364,515,656"
2023-03-31,27.14,27.83,27.11,27.78,"433,932,806"
2023-04-03,27.51,28.0,27.34,27.97,"398,715,586"
2023-04-04,27.97,28.0,27.31,27.45,"368,591,516"
2023-04-05,26.83,27.0,26.4,26.88,"515,014,725"
2023-04-06,26.58,27.08,26.43,27.04,"397,654,336"
2023-04-10,26.82,27.62,26.67,27.58,"395,278,586"
2023-04-11,27.72,27.79,27.13,27.17,"314,378,217"
2023-04-12,27.37,27.47,26.45,26.5,"446,258,976"
2023-04-13,26.73,26.89,26.33,26.46,"353,615,266"
2023-04-14,26.5,26.88,26.22,26.76,"395,660,076"
2023-04-17,26.57,27.01,26.43,27.0,"321,471,307"
2023-04-18,27.53,28.11,27.36,27.67,"604,811,514"
2023-04-19,27.36,28.0,27.23,27.93,"358,660,386"
2023-04-20,27.67,28.03,27.0,27.1,"427,713,276"
2023-04-21,26.95,27.18,26.72,27.12,"345,102,807"
2023-04-24,27.01,27.37,26.67,27.04,"339,281,907"
2023-04-25,27.08,27.25,26.23,26.24,"378,527,186"
2023-04-26,27.0,27.33,26.71,26.96,"406,336,796"
2023-04-27,27.36,27.5,26.63,27.23,"377,161,206"
2023-04-28,27.23,27.76,27.07,27.75,"292,216,087"
2023-05-01,27.84,29.06,27.78,28.91,"570,328,434"
2023-05-02,28.68,28.84,28.08,28.21,"402,729,606"
2023-05-03,27.84,28.37,27.47,27.8,"383,387,376"
2023-05-04,27.65,27.86,27.24,27.56,"321,850,387"
2023-05-05,27.83,28.76,27.73,28.68,"361,494,056"
2023-05-08,28.52,29.22,28.35,29.15,"344,978,867"
2023-05-09,28.9,28.97,28.45,28.57,"314,869,487"
2023-05-10,29.01,29.11,28.46,28.89,"369,349,996"
2023-05-11,28.9,28.95,28.25,28.58,"322,148,997"
2023-05-12,28.53,28.78,28.05,28.34,"274,222,297"
2023-05-15,28.51,28.97,28.15,28.95,"293,925,897"
2023-05-16,28.84,29.87,28.83,29.21,"449,404,876"
2023-05-17,29.58,30.2,29.43,30.18,"432,535,386"
2023-05-18,30.41,31.83,30.32,31.68,"748,724,913"
2023-05-19,31.54,31.58,30.92,31.26,"473,907,695"
2023-05-22,30.9,31.52,30.68,31.18,"371,999,686"
2023-05-23,31.0,31.29,30.63,30.69,"356,253,276"
2023-05-24,30.21,30.61,29.81,30.54,"721,418,513"
2023-05-25,38.52,39.48,36.64,37.98,"1,543,911,075"
2023-05-26,37.89,39.17,37.55,38.95,"714,396,793"
2023-05-30,40.6,41.94,39.95,40.11,"923,401,081"
2023-05-31,39.49,40.3,37.82,37.83,"1,002,579,990"
2023-06-01,38.49,40.05,38.34,39.77,"635,872,964"
2023-06-02,40.1,40.5,39.06,39.33,"482,731,205"
2023-06-05,38.91,39.57,38.71,39.17,"396,093,786"
2023-06-06,38.83,39.16,38.15,38.65,"388,729,096"
2023-06-07,38.92,39.5,37.36,37.48,"511,997,925"
2023-06-08,37.72,38.86,37.51,38.51,"417,772,376"
2023-06-09,39.04,39.71,38.57,38.77,"427,717,536"
2023-06-12,39.2,39.53,38.62,39.48,"389,673,396"
2023-06-13,40.19,41.1,39.74,41.02,"613,208,194"
2023-06-14,40.82,43.0,40.55,43.0,"740,464,913"
2023-06-15,42.6,43.29,42.15,42.65,"568,622,024"
2023-06-16,43.45,43.72,42.66,42.69,"655,709,373"
2023-06-20,43.0,43.99,42.67,43.81,"451,153,115"
2023-06-21,43.5,43.62,42.08,43.05,"551,602,884"
2023-06-22,42.25,43.43,42.23,43.03,"417,737,376"
2023-06-23,42.46,42.81,42.02,42.21,"358,139,796"
2023-06-26,42.46,42.76,40.1,40.63,"594,321,904"
2023-06-27,40.8,41.94,40.45,41.88,"462,174,725"
2023-06-28,40.66,41.85,40.52,41.12,"582,639,334"
2023-06-29,41.56,41.6,40.6,40.82,"380,514,336"
2023-06-30,41.68,42.55,41.5,42.3,"501,147,805"
2023-07-03,42.52,42.9,42.2,42.41,"197,754,098"
2023-07-05,42.14,43.18,42.09,42.32,"323,617,597"
2023-07-06,41.84,42.18,41.35,42.1,"304,138,787"
2023-07-07,42.32,43.21,42.18,42.5,"355,881,516"
2023-07-10,42.66,42.81,41.65,42.18,"353,908,086"
2023-07-11,42.48,42.76,42.07,42.41,"298,244,097"
2023-07-12,43.03,43.94,42.78,43.9,"481,276,985"
2023-07-13,44.52,46.16,44.49,45.98,"478,203,665"
2023-07-14,46.58,48.09,45.06,45.47,"772,075,302"
2023-07-17,46.29,46.5,45.26,46.46,"510,488,195"
2023-07-18,46.7,47.9,45.73,47.49,"570,190,384"
2023-07-19,47.46,47.82,46.74,47.08,"427,501,796"
2023-07-20,46.51,47.09,45.06,45.52,"537,864,445"
2023-07-21,45.79,45.87,44.1,44.31,"963,768,660"
2023-07-24,44.73,45.11,44.04,44.61,"383,099,686"
2023-07-25,44.94,46.18,44.92,45.68,"348,080,897"
2023-07-26,46.02,46.05,44.63,45.45,"364,237,266"
2023-07-27,46.52,47.4,45.75,45.9,"455,975,505"
2023-07-28,46.67,47.03,46.38,46.75,"331,194,217"
2023-07-31,46.75,47.13,46.51,46.73,"251,055,287"
2023-08-01,46.46,46.9,46.03,46.51,"239,275,998"
2023-08-02,45.83,45.84,43.39,44.27,"530,141,595"
2023-08-03,43.8,45.12,43.8,44.52,"325,076,617"
2023-08-04,44.99,45.64,44.39,44.68,"362,666,206"
2023-08-07,45.11,45.54,44.56,45.42,"322,153,497"
2023-08-08,44.85,45.24,44.06,44.66,"353,843,396"
2023-08-09,44.27,44.31,42.13,42.55,"586,449,054"
2023-08-10,42.16,43.57,41.84,42.39,"492,705,265"
2023-08-11,41.75,42.02,40.64,40.86,"533,085,265"
2023-08-14,40.49,43.8,40.31,43.75,"690,285,773"
2023-08-15,44.56,45.27,43.71,43.94,"676,511,473"
2023-08-16,44.52,44.68,43.41,43.49,"527,450,695"
2023-08-17,43.97,44.06,43.0,43.34,"452,394,795"
2023-08-18,42.64,43.58,41.66,43.3,"583,767,964"
2023-08-21,44.49,47.07,44.22,46.97,"692,573,433"
2023-08-22,48.14,48.19,45.33,45.67,"757,206,872"
2023-08-23,45.87,47.2,45.21,47.12,"779,046,082"
2023-08-24,50.22,50.27,47.16,47.16,"1,156,044,048"
2023-08-25,47.01,47.81,45.02,46.02,"925,340,461"
2023-08-28,46.48,46.98,44.89,46.84,"685,192,183"
2023-08-29,46.67,49.08,46.39,48.78,"701,396,943"
2023-08-30,49.04,49.93,48.43,49.26,"735,206,013"
2023-08-31,49.38,49.74,48.96,49.36,"528,569,795"
2023-09-01,49.76,49.8,48.14,48.51,"463,830,305"
2023-09-05,48.22,48.85,47.86,48.55,"382,652,616"
2023-09-06,48.44,48.55,46.58,47.06,"468,669,605"
2023-09-07,45.53,46.34,45.15,46.24,"433,329,916"
2023-09-08,45.94,46.61,45.27,45.57,"473,899,915"
2023-09-11,46.15,46.16,44.31,45.18,"473,965,585"
2023-09-12,44.74,45.67,44.53,44.87,"349,256,327"
2023-09-13,44.6,45.93,44.5,45.49,"398,355,386"
2023-09-14,45.95,45.99,45.13,45.58,"370,097,186"
2023-09-15,45.34,45.6,43.81,43.9,"506,830,465"
2023-09-18,42.75,44.24,42.0,43.97,"500,270,775"
2023-09-19,43.83,43.97,43.0,43.52,"373,064,216"
2023-09-20,43.6,43.9,42.22,42.24,"367,107,696"
2023-09-21,41.58,42.1,40.98,41.02,"450,736,015"
2023-09-22,41.57,42.12,41.23,41.61,"479,236,325"
2023-09-25,41.59,42.54,41.18,42.22,"419,091,016"
2023-09-26,42.0,42.82,41.66,41.91,"402,282,066"
2023-09-27,42.33,42.87,41.63,42.47,"444,935,196"
2023-09-28,42.46,43.45,42.12,43.09,"424,662,806"
2023-09-29,43.83,44.14,43.31,43.5,"397,829,916"
2023-10-02,44.03,45.18,43.86,44.78,"433,298,196"
2023-10-03,44.81,45.13,43.25,43.52,"470,849,525"
2023-10-04,43.74,44.14,43.29,44.04,"361,820,896"
2023-10-05,44.05,44.9,43.89,44.69,"393,483,116"
2023-10-06,44.19,45.79,44.03,45.76,"434,436,016"
2023-10-09,44.84,45.61,44.37,45.27,"409,674,726"
2023-10-10,45.31,46.26,45.09,45.8,"368,582,066"
2023-10-11,46.2,46.86,46.05,46.81,"378,136,876"
2023-10-12,46.78,47.61,46.33,46.95,"481,324,995"
2023-10-13,46.96,47.12,45.28,45.46,"475,426,015"
2023-10-16,45.06,46.23,44.91,46.1,"375,099,216"
2023-10-17,44.0,44.75,42.48,43.94,"812,332,722"
2023-10-18,42.59,43.22,41.83,42.2,"627,294,374"
2023-10-19,42.81,43.3,41.88,42.1,"501,233,115"
2023-10-20,41.89,42.47,41.08,41.39,"477,266,085"
2023-10-23,41.23,43.25,40.95,42.98,"478,530,465"
2023-10-24,43.08,43.7,42.69,43.66,"401,463,396"
2023-10-25,43.4,43.65,41.56,41.78,"398,379,216"
2023-10-26,41.85,42.26,39.88,40.33,"541,001,285"
2023-10-27,41.13,41.21,40.02,40.5,"416,784,406"
2023-10-30,41.09,41.77,40.48,41.16,"388,028,086"
2023-10-31,40.45,40.88,39.23,40.78,"517,968,705"
2023-11-01,40.88,42.38,40.87,42.33,"437,592,886"
2023-11-02,43.33,43.88,42.89,43.51,"409,171,906"
2023-11-03,44.02,45.31,43.72,45.01,"424,609,606"
2023-11-06,45.28,45.94,44.9,45.75,"400,733,396"
2023-11-07,45.72,46.22,45.16,45.96,"343,165,507"
2023-11-08,46.1,46.87,45.97,46.57,"346,718,867"
2023-11-09,47.47,48.23,46.75,46.95,"540,496,015"
2023-11-10,47.5,48.47,47.28,48.34,"422,441,596"
2023-11-13,48.32,49.12,48.1,48.62,"384,135,656"
2023-11-14,49.68,49.83,49.04,49.66,"416,953,906"
2023-11-15,49.94,49.96,48.2,48.89,"475,497,375"
2023-11-16,48.68,49.52,48.33,49.48,"339,756,207"
2023-11-17,49.52,49.72,49.01,49.3,"325,896,887"
2023-11-20,49.31,50.55,49.18,50.41,"416,142,616"
2023-11-21,50.13,50.52,49.22,49.94,"565,746,874"
2023-11-22,49.85,50.33,47.69,48.72,"900,642,331"
2023-11-24,48.47,48.92,47.75,47.78,"294,644,627"
2023-11-27,47.8,48.53,47.65,48.24,"395,661,906"
2023-11-28,48.24,48.32,47.47,47.82,"401,490,896"
2023-11-29,48.38,48.76,47.86,48.14,"382,004,726"
2023-11-30,48.02,48.11,46.42,46.77,"526,246,595"
2023-12-01,46.53,47.2,46.19,46.77,"369,316,986"
2023-12-04,46.08,46.08,45.01,45.51,"437,543,396"
2023-12-05,45.47,46.6,45.27,46.57,"371,717,616"
2023-12-06,47.21,47.39,45.41,45.5,"380,589,606"
2023-12-07,45.7,46.63,45.6,46.6,"350,822,616"
2023-12-08,46.6,47.74,46.55,47.51,"359,223,666"
2023-12-11,47.49,47.53,45.83,46.63,"509,728,085"
2023-12-12,46.05,47.67,46.05,47.66,"372,386,876"
2023-12-13,47.63,48.59,47.61,48.09,"447,791,906"
2023-12-14,48.39,48.67,47.42,48.35,"391,231,676"
2023-12-15,48.19,49.4,48.12,48.89,"479,947,615"
2023-12-18,49.4,50.43,49.15,50.08,"412,587,186"
2023-12-19,49.42,49.7,48.9,49.6,"464,444,485"
2023-12-20,49.66,50.0,48.1,48.11,"397,894,406"
2023-12-21,48.81,49.1,48.42,48.99,"300,425,427"
2023-12-22,49.2,49.38,48.47,48.83,"252,506,797"
2023-12-26,48.97,49.6,48.96,49.28,"244,199,488"
2023-12-27,49.51,49.68,49.09,49.42,"233,648,008"
2023-12-28,49.64,49.88,49.41,49.52,"246,587,498"
2023-12-29,49.81,50.0,48.75,49.52,"389,293,276"
2024-01-02,49.24,49.3,47.6,48.17,"411,254,216"
2024-01-03,47.49,48.18,47.32,47.57,"320,896,187"
2024-01-04,47.77,48.5,47.51,48.0,"306,534,877"
2024-01-05,48.46,49.55,48.31,49.1,"415,039,296"
2024-01-08,49.51,52.28,49.48,52.25,"642,509,874"
2024-01-09,52.4,54.33,51.69,53.14,"773,100,072"
2024-01-10,53.62,54.6,53.49,54.35,"533,795,775"
2024-01-11,55.0,55.35,53.56,54.82,"596,758,784"
2024-01-12,54.62,54.97,54.33,54.71,"352,993,586"
2024-01-16,55.02,56.83,54.9,56.38,"449,579,686"
2024-01-17,56.35,56.47,54.74,56.05,"474,394,405"
2024-01-18,57.26,57.6,56.11,57.11,"491,650,385"
2024-01-19,57.99,59.5,57.23,59.49,"543,501,515"
2024-01-22,60.05,60.33,59.07,59.65,"452,954,605"
2024-01-23,59.57,59.91,58.59,59.87,"294,654,487"
2024-01-24,60.3,62.85,59.94,61.36,"560,270,774"
2024-01-25,62.35,62.72,60.85,61.62,"482,776,795"
2024-01-26,60.96,61.78,60.57,61.03,"390,308,586"
2024-01-29,61.23,62.49,60.91,62.47,"348,733,007"
2024-01-30,62.9,63.49,62.26,62.77,"410,735,266"
2024-01-31,61.44,62.27,60.7,61.53,"453,794,875"
2024-02-01,62.1,63.19,61.65,63.03,"369,145,776"
2024-02-02,63.97,66.6,63.69,66.16,"476,577,695"
2024-02-05,68.23,69.5,67.21,69.33,"680,077,963"
2024-02-06,69.63,69.75,66.3,68.22,"683,111,323"
2024-02-07,68.32,70.22,67.6,70.1,"495,574,605"
2024-02-08,70.07,70.79,69.46,69.64,"414,422,066"
2024-02-09,70.53,72.19,70.21,72.13,"436,636,876"
2024-02-12,72.6,74.61,71.25,72.25,"613,710,194"
2024-02-13,70.4,73.45,69.62,72.13,"602,580,154"
2024-02-14,73.2,74.24,71.94,73.9,"504,917,375"
2024-02-15,73.87,73.98,72.4,72.66,"420,121,796"
2024-02-16,74.1,74.4,72.5,72.61,"495,326,595"
2024-02-20,71.95,71.96,67.73,69.45,"704,833,113"
2024-02-21,68.01,68.89,66.25,67.47,"690,298,043"
2024-02-22,75.03,78.58,74.22,78.54,"865,099,681"
2024-02-23,80.79,82.39,77.57,78.82,"829,388,432"
2024-02-26,79.7,80.65,78.51,79.09,"503,972,725"
2024-02-27,79.38,79.48,77.16,78.7,"391,705,196"
2024-02-28,77.62,78.93,77.13,77.66,"393,110,386"
2024-02-29,79.09,79.99,78.35,79.11,"507,288,975"
2024-02-29,79.09,79.99,78.35,79.11,"507,288,975"
2024-02-29,79.09,79.99,78.35,79.11,"507,288,975"
2024-02-29,79.09,79.99,78.35,79.11,"507,288,975"
2024-03-01,80.0,82.3,79.44,82.28,"479,135,115"
2024-03-01,80.0,82.3,79.44,82.28,"479,135,115"
2024-03-01,80.0,82.3,79.44,82.28,"479,135,115"
2024-03-01,80.0,82.3,79.44,82.28,"479,135,115"
2024-03-04,84.13,87.7,83.72,85.24,"615,616,444"
2024-03-04,84.13,87.7,83.72,85.24,"615,616,444"
2024-03-04,84.13,87.7,83.72,85.24,"615,616,444"
2024-03-05,85.27,86.1,83.42,85.96,"520,639,295"
2024-03-05,85.27,86.1,83.42,85.96,"520,639,295"
2024-03-05,85.27,86.1,83.42,85.96,"520,639,295"
2024-03-06,88.02,89.72,87.03,88.7,"582,520,304"
2024-03-06,88.02,89.72,87.03,88.7,"582,520,304"
2024-03-06,88.02,89.72,87.03,88.7,"582,520,304"
2024-03-07,90.16,92.77,89.6,92.67,"608,119,134"
2024-03-07,90.16,92.77,89.6,92.67,"608,119,134"
2024-03-07,90.16,92.77,89.6,92.67,"608,119,134"
2024-03-08,95.14,97.4,86.51,87.53,"1,142,268,969"
2024-03-08,95.14,97.4,86.51,87.53,"1,142,268,969"
2024-03-08,95.14,97.4,86.51,87.53,"1,142,268,969"
2024-03-11,86.43,88.8,84.17,85.77,"678,364,053"
2024-03-11,86.43,88.8,84.17,85.77,"678,364,053"
2024-03-11,86.43,88.8,84.17,85.77,"678,364,053"
2024-03-12,88.05,91.96,86.15,91.91,"668,075,223"
2024-03-12,88.05,91.96,86.15,91.91,"668,075,223"
2024-03-12,88.05,91.96,86.15,91.91,"668,075,223"
2024-03-13,91.06,91.5,88.44,90.89,"635,712,924"
2024-03-13,91.06,91.5,88.44,90.89,"635,712,924"
2024-03-13,91.06,91.5,88.44,90.89,"635,712,924"
2024-03-14,89.58,90.65,86.6,87.94,"602,318,194"
2024-03-14,89.58,90.65,86.6,87.94,"602,318,194"
2024-03-14,89.58,90.65,86.6,87.94,"602,318,194"
2024-03-15,86.93,89.55,86.26,87.84,"642,086,204"
2024-03-15,86.93,89.55,86.26,87.84,"642,086,204"
2024-03-15,86.93,89.55,86.26,87.84,"642,086,204"
2024-03-18,90.39,92.41,87.09,88.46,"668,975,933"
2024-03-18,90.39,92.41,87.09,88.46,"668,975,933"
2024-03-18,90.39,92.41,87.09,88.46,"668,975,933"
2024-03-19,86.7,90.54,85.01,89.4,"672,171,243"
2024-03-19,86.7,90.54,85.01,89.4,"672,171,243"
2024-03-19,86.7,90.54,85.01,89.4,"672,171,243"
2024-03-20,89.8,90.41,88.22,90.37,"479,062,805"
2024-03-20,89.8,90.41,88.22,90.37,"479,062,805"
2024-03-20,89.8,90.41,88.22,90.37,"479,062,805"
2024-03-21,92.3,92.65,90.41,91.44,"480,372,295"
2024-03-21,92.3,92.65,90.41,91.44,"480,372,295"
2024-03-21,92.3,92.65,90.41,91.44,"480,372,295"
2024-03-22,91.14,94.78,90.83,94.29,"586,719,374"
2024-03-22,91.14,94.78,90.83,94.29,"586,719,374"
2024-03-22,91.14,94.78,90.83,94.29,"586,719,374"
2024-03-25,93.94,96.77,93.51,95.0,"552,136,084"
2024-03-25,93.94,96.77,93.51,95.0,"552,136,084"
2024-03-25,93.94,96.77,93.51,95.0,"552,136,084"
2024-03-26,95.85,96.38,92.5,92.56,"513,647,615"
2024-03-26,95.85,96.38,92.5,92.56,"513,647,615"
2024-03-26,95.85,96.38,92.5,92.56,"513,647,615"
2024-03-27,93.11,93.24,89.12,90.25,"586,067,184"
2024-03-27,93.11,93.24,89.12,90.25,"586,067,184"
2024-03-27,93.11,93.24,89.12,90.25,"586,067,184"
2024-03-28,90.0,91.3,89.19,90.36,"435,212,296"
2024-03-28,90.0,91.3,89.19,90.36,"435,212,296"
2024-03-28,90.0,91.3,89.19,90.36,"435,212,296"
2024-04-01,90.3,92.23,89.2,90.36,"452,441,515"
2024-04-01,90.3,92.23,89.2,90.36,"452,441,515"
2024-04-01,90.3,92.23,89.2,90.36,"452,441,515"
2024-04-02,88.45,90.09,87.62,89.45,"433,063,586"
2024-04-02,88.45,90.09,87.62,89.45,"433,063,586"
2024-04-02,88.45,90.09,87.62,89.45,"433,063,586"
2024-04-03,88.48,90.37,88.4,88.96,"370,066,596"
2024-04-03,88.48,90.37,88.4,88.96,"370,066,596"
2024-04-03,88.48,90.37,88.4,88.96,"370,066,596"
2024-04-04,90.41,90.63,85.88,85.91,"434,964,876"
2024-04-04,90.41,90.63,85.88,85.91,"434,964,876"
2024-04-04,90.41,90.63,85.88,85.91,"434,964,876"
2024-04-05,86.87,88.48,85.93,88.01,"399,678,476"
2024-04-05,86.87,88.48,85.93,88.01,"399,678,476"
2024-04-05,86.87,88.48,85.93,88.01,"399,678,476"
2024-04-08,88.7,88.83,86.73,87.13,"283,219,997"
2024-04-08,88.7,88.83,86.73,87.13,"283,219,997"
2024-04-08,88.7,88.83,86.73,87.13,"283,219,997"
2024-04-09,87.44,87.64,83.02,85.35,"503,547,375"
2024-04-09,87.44,87.64,83.02,85.35,"503,547,375"
2024-04-09,87.44,87.64,83.02,85.35,"503,547,375"
2024-04-10,83.93,87.4,83.71,87.04,"431,928,476"
2024-04-10,83.93,87.4,83.71,87.04,"431,928,476"
2024-04-10,83.93,87.4,83.71,87.04,"431,928,476"
2024-04-11,87.42,90.74,86.93,90.62,"431,637,266"
2024-04-11,87.42,90.74,86.93,90.62,"431,637,266"
2024-04-11,87.42,90.74,86.93,90.62,"431,637,266"
2024-04-12,89.7,90.17,87.53,88.19,"426,804,796"
2024-04-12,89.7,90.17,87.53,88.19,"426,804,796"
2024-04-12,89.7,90.17,87.53,88.19,"426,804,796"
2024-04-15,89.1,90.61,85.93,86.0,"443,076,986"
2024-04-15,89.1,90.61,85.93,86.0,"443,076,986"
2024-04-15,89.1,90.61,85.93,86.0,"443,076,986"
2024-04-16,86.43,88.12,86.06,87.42,"370,453,006"
2024-04-16,86.43,88.12,86.06,87.42,"370,453,006"
2024-04-16,86.43,88.12,86.06,87.42,"370,453,006"
2024-04-17,88.34,88.78,83.95,84.04,"495,399,525"
2024-04-17,88.34,88.78,83.95,84.04,"495,399,525"
2024-04-17,88.34,88.78,83.95,84.04,"495,399,525"
2024-04-18,84.97,86.19,82.4,84.67,"447,260,306"
2024-04-18,84.97,86.19,82.4,84.67,"447,260,306"
2024-04-18,84.97,86.19,82.4,84.67,"447,260,306"
2024-04-19,83.15,84.32,75.61,76.2,"875,197,961"
2024-04-19,83.15,84.32,75.61,76.2,"875,197,961"
2024-04-19,83.15,84.32,75.61,76.2,"875,197,961"
2024-04-22,78.1,80.07,76.4,79.52,"596,340,464"
2024-04-22,78.1,80.07,76.4,79.52,"596,340,464"
2024-04-22,78.1,80.07,76.4,79.52,"596,340,464"
2024-04-23,80.77,82.77,80.26,82.42,"438,559,406"
2024-04-23,80.77,82.77,80.26,82.42,"438,559,406"
2024-04-23,80.77,82.77,80.26,82.42,"438,559,406"
2024-04-24,83.95,84.08,79.18,79.68,"512,207,535"
2024-04-24,83.95,84.08,79.18,79.68,"512,207,535"
2024-04-24,83.95,84.08,79.18,79.68,"512,207,535"
2024-04-25,78.87,83.32,78.22,82.63,"424,640,696"
2024-04-25,78.87,83.32,78.22,82.63,"424,640,696"
2024-04-25,78.87,83.32,78.22,82.63,"424,640,696"
2024-04-26,83.82,88.33,83.39,87.74,"551,010,854"
2024-04-26,83.82,88.33,83.39,87.74,"551,010,854"
2024-04-26,83.82,88.33,83.39,87.74,"551,010,854"
2024-04-29,87.6,87.99,85.27,87.76,"388,970,776"
2024-04-29,87.6,87.99,85.27,87.76,"388,970,776"
2024-04-29,87.6,87.99,85.27,87.76,"388,970,776"
2024-04-30,87.24,88.82,86.3,86.4,"363,708,706"
2024-04-30,87.24,88.82,86.3,86.4,"363,708,706"
2024-04-30,87.24,88.82,86.3,86.4,"363,708,706"
2024-05-01,85.08,86.0,81.25,83.04,"559,863,154"
2024-05-01,85.08,86.0,81.25,83.04,"559,863,154"
2024-05-01,85.08,86.0,81.25,83.04,"559,863,154"
2024-05-02,84.45,86.24,83.2,85.82,"377,897,536"
2024-05-02,84.45,86.24,83.2,85.82,"377,897,536"
2024-05-02,84.45,86.24,83.2,85.82,"377,897,536"
2024-05-03,87.79,89.28,87.04,88.79,"398,340,696"
2024-05-03,87.79,89.28,87.04,88.79,"398,340,696"
2024-05-03,87.79,89.28,87.04,88.79,"398,340,696"
2024-05-06,89.39,92.22,89.06,92.14,"376,202,616"
2024-05-06,89.39,92.22,89.06,92.14,"376,202,616"
2024-05-06,89.39,92.22,89.06,92.14,"376,202,616"
2024-05-07,91.1,91.78,89.01,90.55,"437,341,596"
2024-05-07,91.1,91.78,89.01,90.55,"437,341,596"
2024-05-07,91.1,91.78,89.01,90.55,"437,341,596"
2024-05-08,89.48,91.19,89.42,90.41,"325,720,997"
2024-05-08,89.48,91.19,89.42,90.41,"325,720,997"
2024-05-08,89.48,91.19,89.42,90.41,"325,720,997"
2024-05-09,90.53,91.07,88.23,88.75,"378,012,726"
2024-05-09,90.53,91.07,88.23,88.75,"378,012,726"
2024-05-09,90.53,91.07,88.23,88.75,"378,012,726"
2024-05-10,90.3,91.4,89.23,89.88,"335,325,427"
2024-05-10,90.3,91.4,89.23,89.88,"335,325,427"
2024-05-10,90.3,91.4,89.23,89.88,"335,325,427"
2024-05-13,90.48,91.0,88.53,90.4,"289,680,197"
2024-05-13,90.48,91.0,88.53,90.4,"289,680,197"
2024-05-13,90.48,91.0,88.53,90.4,"289,680,197"
2024-05-14,89.6,91.65,88.93,91.36,"296,507,107"
2024-05-14,89.6,91.65,88.93,91.36,"296,507,107"
2024-05-14,89.6,91.65,88.93,91.36,"296,507,107"
2024-05-15,92.47,94.86,91.6,94.63,"417,735,506"
2024-05-15,92.47,94.86,91.6,94.63,"417,735,506"
2024-05-15,92.47,94.86,91.6,94.63,"417,735,506"
2024-05-16,94.91,95.82,94.1,94.36,"323,951,817"
2024-05-16,94.91,95.82,94.1,94.36,"323,951,817"
2024-05-16,94.91,95.82,94.1,94.36,"323,951,817"
2024-05-17,94.37,94.74,91.81,92.48,"359,691,016"
2024-05-17,94.37,94.74,91.81,92.48,"359,691,016"
2024-05-17,94.37,94.74,91.81,92.48,"359,691,016"
2024-05-20,93.75,95.2,93.44,94.78,"318,764,467"
2024-05-20,93.75,95.2,93.44,94.78,"318,764,467"
2024-05-20,93.75,95.2,93.44,94.78,"318,764,467"
2024-05-21,93.6,95.4,93.18,95.39,"328,946,477"
2024-05-21,93.6,95.4,93.18,95.39,"328,946,477"
2024-05-21,93.6,95.4,93.18,95.39,"328,946,477"
2024-05-22,95.46,96.02,93.25,94.95,"548,648,005"
2024-05-22,95.46,96.02,93.25,94.95,"548,648,005"
2024-05-22,95.46,96.02,93.25,94.95,"548,648,005"
2024-05-23,102.03,106.32,101.52,103.8,"835,065,302"
2024-05-23,102.03,106.32,101.52,103.8,"835,065,302"
2024-05-23,102.03,106.32,101.52,103.8,"835,065,302"
2024-05-24,104.45,106.48,103.0,106.47,"429,493,666"
2024-05-24,104.45,106.48,103.0,106.47,"429,493,666"
2024-05-24,104.45,106.48,103.0,106.47,"429,493,666"
2024-05-28,110.24,114.94,109.88,113.9,"652,727,963"
2024-05-28,110.24,114.94,109.88,113.9,"652,727,963"
2024-05-28,110.24,114.94,109.88,113.9,"652,727,963"
2024-05-29,113.05,115.49,110.9,114.83,"557,441,904"
2024-05-29,113.05,115.49,110.9,114.83,"557,441,904"
2024-05-29,113.05,115.49,110.9,114.83,"557,441,904"
2024-05-30,114.65,115.82,109.66,110.5,"487,350,305"
2024-05-30,114.65,115.82,109.66,110.5,"487,350,305"
2024-05-30,114.65,115.82,109.66,110.5,"487,350,305"
2024-05-31,112.52,112.72,106.94,109.63,"613,262,454"
2024-05-31,112.52,112.72,106.94,109.63,"613,262,454"
2024-05-31,112.52,112.72,106.94,109.63,"613,262,454"
2024-06-03,113.62,115.0,112.0,115.0,"438,391,796"
2024-06-03,113.62,115.0,112.0,115.0,"438,391,796"
2024-06-03,113.62,115.0,112.0,115.0,"438,391,796"
2024-06-04,115.72,116.6,114.05,116.44,"403,323,976"
2024-06-04,115.72,116.6,114.05,116.44,"403,323,976"
2024-06-04,115.72,116.6,114.05,116.44,"403,323,976"
2024-06-05,118.37,122.45,117.47,122.44,"528,401,795"
2024-06-05,118.37,122.45,117.47,122.44,"528,401,795"
2024-06-05,118.37,122.45,117.47,122.44,"528,401,795"
2024-06-06,124.05,125.59,118.32,121.0,"664,696,163"
2024-06-06,124.05,125.59,118.32,121.0,"664,696,163"
2024-06-06,124.05,125.59,118.32,121.0,"664,696,163"
2024-06-07,119.77,121.69,118.02,120.89,"412,385,776"
2024-06-07,119.77,121.69,118.02,120.89,"412,385,776"
2024-06-07,119.77,121.69,118.02,120.89,"412,385,776"
2024-06-10,120.37,123.1,117.01,121.79,"314,162,688"
2024-06-10,120.37,123.1,117.01,121.79,"314,162,688"
2024-06-10,120.37,123.1,117.01,121.79,"314,162,688"
2024-06-11,121.77,122.87,118.74,120.91,"222,551,203"
2024-06-11,121.77,122.87,118.74,120.91,"222,551,203"
2024-06-11,121.77,122.87,118.74,120.91,"222,551,203"
2024-06-12,123.06,126.88,122.57,125.2,"299,595,000"
2024-06-12,123.06,126.88,122.57,125.2,"299,595,000"
2024-06-12,123.06,126.88,122.57,125.2,"299,595,000"
2024-06-13,129.39,129.8,127.16,129.61,"260,704,500"
2024-06-13,129.39,129.8,127.16,129.61,"260,704,500"
2024-06-13,129.39,129.8,127.16,129.61,"260,704,500"
2024-06-14,129.96,132.84,128.32,131.88,"309,320,375"
2024-06-14,129.96,132.84,128.32,131.88,"309,320,375"
2024-06-14,129.96,132.84,128.32,131.88,"309,320,375"
2024-06-17,132.99,133.73,129.58,130.98,"288,504,375"
2024-06-17,132.99,133.73,129.58,130.98,"288,504,375"
2024-06-17,132.99,133.73,129.58,130.98,"288,504,375"
2024-06-18,131.14,136.33,130.69,135.58,"294,335,094"
2024-06-18,131.14,136.33,130.69,135.58,"294,335,094"
2024-06-18,131.14,136.33,130.69,135.58,"294,335,094"
2024-06-20,139.8,140.76,129.52,130.78,"517,768,375"
2024-06-20,139.8,140.76,129.52,130.78,"517,768,375"
2024-06-20,139.8,140.76,129.52,130.78,"517,768,375"
2024-06-21,127.12,130.63,124.3,126.57,"655,484,688"
2024-06-21,127.12,130.63,124.3,126.57,"655,484,688"
2024-06-21,127.12,130.63,124.3,126.57,"655,484,688"
2024-06-24,123.24,124.46,118.04,118.11,"476,060,906"
2024-06-24,123.24,124.46,118.04,118.11,"476,060,906"
2024-06-24,123.24,124.46,118.04,118.11,"476,060,906"
2024-06-25,121.2,126.5,119.32,126.09,"425,787,500"
2024-06-25,121.2,126.5,119.32,126.09,"425,787,500"
2024-06-25,121.2,126.5,119.32,126.09,"425,787,500"
2024-06-26,126.13,128.12,122.6,126.4,"362,975,906"
2024-06-26,126.13,128.12,122.6,126.4,"362,975,906"
2024-06-26,126.13,128.12,122.6,126.4,"362,975,906"
2024-06-27,124.1,126.41,122.92,123.99,"252,571,703"
2024-06-27,124.1,126.41,122.92,123.99,"252,571,703"
2024-06-27,124.1,126.41,122.92,123.99,"252,571,703"
2024-06-28,124.58,127.71,122.75,123.54,"315,516,719"
2024-06-28,124.58,127.71,122.75,123.54,"315,516,719"
2024-06-28,124.58,127.71,122.75,123.54,"315,516,719"
2024-07-01,123.47,124.84,118.83,124.3,"284,885,500"
2024-07-01,123.47,124.84,118.83,124.3,"284,885,500"
2024-07-01,123.47,124.84,118.83,124.3,"284,885,500"
2024-07-02,121.13,123.41,121.03,122.67,"218,374,000"
2024-07-02,121.13,123.41,121.03,122.67,"218,374,000"
2024-07-02,121.13,123.41,121.03,122.67,"218,374,000"
2024-07-03,121.66,128.28,121.36,128.28,"215,748,984"
2024-07-03,121.66,128.28,121.36,128.28,"215,748,984"
2024-07-03,121.66,128.28,121.36,128.28,"215,748,984"
2024-07-05,127.38,128.85,125.68,125.83,"214,176,703"
2024-07-05,127.38,128.85,125.68,125.83,"214,176,703"
2024-07-05,127.38,128.85,125.68,125.83,"214,176,703"
2024-07-08,127.49,130.77,127.04,128.2,"237,677,297"
2024-07-08,127.49,130.77,127.04,128.2,"237,677,297"
2024-07-08,127.49,130.77,127.04,128.2,"237,677,297"
2024-07-09,130.35,133.82,128.65,131.38,"287,020,812"
2024-07-09,130.35,133.82,128.65,131.38,"287,020,812"
2024-07-09,130.35,133.82,128.65,131.38,"287,020,812"
2024-07-10,134.03,135.1,132.42,134.91,"248,978,594"
2024-07-10,134.03,135.1,132.42,134.91,"248,978,594"
2024-07-10,134.03,135.1,132.42,134.91,"248,978,594"
2024-07-11,135.75,136.15,127.05,127.4,"374,782,688"
2024-07-11,135.75,136.15,127.05,127.4,"374,782,688"
2024-07-11,135.75,136.15,127.05,127.4,"374,782,688"
2024-07-12,128.26,131.92,127.22,129.24,"252,680,500"
2024-07-12,128.26,131.92,127.22,129.24,"252,680,500"
2024-07-12,128.26,131.92,127.22,129.24,"252,680,500"
2024-07-15,130.56,131.39,127.18,128.44,"208,326,203"
2024-07-15,130.56,131.39,127.18,128.44,"208,326,203"
2024-07-15,130.56,131.39,127.18,128.44,"208,326,203"
2024-07-16,128.44,129.04,124.58,126.36,"214,769,500"
2024-07-16,128.44,129.04,124.58,126.36,"214,769,500"
2024-07-16,128.44,129.04,124.58,126.36,"214,769,500"
2024-07-17,121.35,121.85,116.72,117.99,"390,086,219"
2024-07-17,121.35,121.85,116.72,117.99,"390,086,219"
2024-07-17,121.35,121.85,116.72,117.99,"390,086,219"
2024-07-18,121.85,122.4,116.56,121.09,"320,979,500"
2024-07-18,121.85,122.4,116.56,121.09,"320,979,500"
2024-07-18,121.85,122.4,116.56,121.09,"320,979,500"
2024-07-19,120.35,121.6,117.37,117.93,"217,223,812"
2024-07-19,120.35,121.6,117.37,117.93,"217,223,812"
2024-07-19,120.35,121.6,117.37,117.93,"217,223,812"
2024-07-22,120.35,124.07,119.86,123.54,"258,068,891"
2024-07-22,120.35,124.07,119.86,123.54,"258,068,891"
2024-07-22,120.35,124.07,119.86,123.54,"258,068,891"
2024-07-23,122.78,124.69,122.1,122.59,"173,911,016"
2024-07-23,122.78,124.69,122.1,122.59,"173,911,016"
2024-07-23,122.78,124.69,122.1,122.59,"173,911,016"
2024-07-24,119.17,119.95,113.44,114.25,"327,776,906"
2024-07-24,119.17,119.95,113.44,114.25,"327,776,906"
2024-07-24,119.17,119.95,113.44,114.25,"327,776,906"
2024-07-25,113.04,116.63,106.3,112.28,"460,067,000"
2024-07-25,113.04,116.63,106.3,112.28,"460,067,000"
2024-07-25,113.04,116.63,106.3,112.28,"460,067,000"
2024-07-26,116.19,116.2,111.58,113.06,"293,399,094"
2024-07-26,116.19,116.2,111.58,113.06,"293,399,094"
2024-07-26,116.19,116.2,111.58,113.06,"293,399,094"
2024-07-29,113.69,116.28,111.3,111.59,"248,152,094"
2024-07-29,113.69,116.28,111.3,111.59,"248,152,094"
2024-07-29,113.69,116.28,111.3,111.59,"248,152,094"
2024-07-30,111.52,111.99,102.54,103.73,"486,833,312"
2024-07-30,111.52,111.99,102.54,103.73,"486,833,312"
2024-07-30,111.52,111.99,102.54,103.73,"486,833,312"
2024-07-31,112.9,118.34,110.88,117.02,"473,174,219"
2024-07-31,112.9,118.34,110.88,117.02,"473,174,219"
2024-07-31,112.9,118.34,110.88,117.02,"473,174,219"
2024-08-01,117.53,120.16,106.81,109.21,"523,462,312"
2024-08-01,117.53,120.16,106.81,109.21,"523,462,312"
2024-08-01,117.53,120.16,106.81,109.21,"523,462,312"
2024-08-02,103.76,108.72,101.37,107.27,"482,027,500"
2024-08-02,103.76,108.72,101.37,107.27,"482,027,500"
2024-08-02,103.76,108.72,101.37,107.27,"482,027,500"
2024-08-05,92.06,103.41,90.69,100.45,"552,842,375"
2024-08-05,92.06,103.41,90.69,100.45,"552,842,375"
2024-08-05,92.06,103.41,90.69,100.45,"552,842,375"
2024-08-06,103.84,107.71,100.55,104.25,"409,012,094"
2024-08-06,103.84,107.71,100.55,104.25,"409,012,094"
2024-08-06,103.84,107.71,100.55,104.25,"409,012,094"
2024-08-07,107.81,108.8,98.69,98.91,"411,440,375"
2024-08-07,107.81,108.8,98.69,98.91,"411,440,375"
2024-08-07,107.81,108.8,98.69,98.91,"411,440,375"
2024-08-08,102.0,105.5,97.52,104.97,"391,910,031"
2024-08-08,102.0,105.5,97.52,104.97,"391,910,031"
2024-08-08,102.0,105.5,97.52,104.97,"391,910,031"
2024-08-09,105.64,106.6,103.43,104.75,"290,844,188"
2024-08-09,105.64,106.6,103.43,104.75,"290,844,188"
2024-08-09,105.64,106.6,103.43,104.75,"290,844,188"
2024-08-12,106.32,111.07,106.26,109.02,"325,559,906"
2024-08-12,106.32,111.07,106.26,109.02,"325,559,906"
2024-08-12,106.32,111.07,106.26,109.02,"325,559,906"
2024-08-13,112.44,116.23,111.58,116.14,"312,646,688"
2024-08-13,112.44,116.23,111.58,116.14,"312,646,688"
2024-08-13,112.44,116.23,111.58,116.14,"312,646,688"
2024-08-14,118.53,118.6,114.07,118.08,"339,246,406"
2024-08-14,118.53,118.6,114.07,118.08,"339,246,406"
2024-08-14,118.53,118.6,114.07,118.08,"339,246,406"
2024-08-15,118.76,123.24,117.47,122.86,"318,086,688"
2024-08-15,118.76,123.24,117.47,122.86,"318,086,688"
2024-08-15,118.76,123.24,117.47,122.86,"318,086,688"
2024-08-16,121.94,125.0,121.18,124.58,"302,589,875"
2024-08-16,121.94,125.0,121.18,124.58,"302,589,875"
2024-08-16,121.94,125.0,121.18,124.58,"302,589,875"
2024-08-19,124.28,130.0,123.42,130.0,"318,333,594"
2024-08-19,124.28,130.0,123.42,130.0,"318,333,594"
2024-08-19,124.28,130.0,123.42,130.0,"318,333,594"
2024-08-20,128.4,129.88,125.89,127.25,"300,087,406"
2024-08-20,128.4,129.88,125.89,127.25,"300,087,406"
2024-08-20,128.4,129.88,125.89,127.25,"300,087,406"
2024-08-21,127.32,129.35,126.66,128.5,"257,883,594"
2024-08-21,127.32,129.35,126.66,128.5,"257,883,594"
2024-08-21,127.32,129.35,126.66,128.5,"257,883,594"
2024-08-22,130.02,130.75,123.1,123.74,"376,189,094"
2024-08-22,130.02,130.75,123.1,123.74,"376,189,094"
2024-08-22,130.02,130.75,123.1,123.74,"376,189,094"
2024-08-23,125.86,129.6,125.22,129.37,"323,230,312"
2024-08-23,125.86,129.6,125.22,129.37,"323,230,312"
2024-08-23,125.86,129.6,125.22,129.37,"323,230,312"
2024-08-26,129.57,131.26,124.37,126.46,"331,964,719"
2024-08-26,129.57,131.26,124.37,126.46,"331,964,719"
2024-08-26,129.57,131.26,124.37,126.46,"331,964,719"
2024-08-27,125.05,129.2,123.88,128.3,"303,134,594"
2024-08-27,125.05,129.2,123.88,128.3,"303,134,594"
2024-08-27,125.05,129.2,123.88,128.3,"303,134,594"
2024-08-28,128.12,128.33,122.64,125.61,"448,101,094"
2024-08-28,128.12,128.33,122.64,125.61,"448,101,094"
2024-08-28,128.12,128.33,122.64,125.61,"448,101,094"
2024-08-29,121.36,124.43,116.71,117.59,"453,023,281"
2024-08-29,121.36,124.43,116.71,117.59,"453,023,281"
2024-08-29,121.36,124.43,116.71,117.59,"453,023,281"
2024-08-30,119.53,121.75,117.22,119.37,"333,751,625"
2024-08-30,119.53,121.75,117.22,119.37,"333,751,625"
2024-08-30,119.53,121.75,117.22,119.37,"333,751,625"
2024-09-03,116.01,116.21,107.29,108.0,"474,972,000"
2024-09-03,116.01,116.21,107.29,108.0,"474,972,000"
2024-09-03,116.01,116.21,107.29,108.0,"474,972,000"
2024-09-04,105.41,113.27,104.12,106.21,"372,470,312"
2024-09-04,105.41,113.27,104.12,106.21,"372,470,312"
2024-09-04,105.41,113.27,104.12,106.21,"372,470,312"
2024-09-05,104.99,109.65,104.76,107.21,"306,850,688"
2024-09-05,104.99,109.65,104.76,107.21,"306,850,688"
2024-09-05,104.99,109.65,104.76,107.21,"306,850,688"
2024-09-06,108.04,108.15,100.95,102.83,"413,638,125"
2024-09-06,108.04,108.15,100.95,102.83,"413,638,125"
2024-09-06,108.04,108.15,100.95,102.83,"413,638,125"
2024-09-09,104.88,106.55,103.69,106.47,"273,912,000"
2024-09-09,104.88,106.55,103.69,106.47,"273,912,000"
2024-09-09,104.88,106.55,103.69,106.47,"273,912,000"
2024-09-10,107.81,109.4,104.95,108.1,"268,283,688"
2024-09-10,107.81,109.4,104.95,108.1,"268,283,688"
2024-09-10,107.81,109.4,104.95,108.1,"268,283,688"
2024-09-11,109.39,117.19,107.42,116.91,"441,422,406"
2024-09-11,109.39,117.19,107.42,116.91,"441,422,406"
2024-09-11,109.39,117.19,107.42,116.91,"441,422,406"
2024-09-12,116.84,120.79,115.38,119.14,"367,100,500"
2024-09-12,116.84,120.79,115.38,119.14,"367,100,500"
2024-09-12,116.84,120.79,115.38,119.14,"367,100,500"
2024-09-13,119.08,119.96,117.6,119.1,"238,358,297"
2024-09-13,119.08,119.96,117.6,119.1,"238,358,297"
2024-09-13,119.08,119.96,117.6,119.1,"238,358,297"
2024-09-16,116.79,118.18,114.36,116.78,"248,772,297"
2024-09-16,116.79,118.18,114.36,116.78,"248,772,297"
2024-09-16,116.79,118.18,114.36,116.78,"248,772,297"
2024-09-17,118.17,118.8,114.83,115.59,"231,925,906"
2024-09-17,118.17,118.8,114.83,115.59,"231,925,906"
2024-09-17,118.17,118.8,114.83,115.59,"231,925,906"
2024-09-18,115.89,117.7,113.22,113.37,"310,318,906"
2024-09-18,115.89,117.7,113.22,113.37,"310,318,906"
2024-09-18,115.89,117.7,113.22,113.37,"310,318,906"
2024-09-19,117.35,119.66,117.25,117.87,"293,506,406"
2024-09-19,117.35,119.66,117.25,117.87,"293,506,406"
2024-09-19,117.35,119.66,117.25,117.87,"293,506,406"
2024-09-20,117.06,118.62,115.39,116.0,"382,462,406"
2024-09-20,117.06,118.62,115.39,116.0,"382,462,406"
2024-09-20,117.06,118.62,115.39,116.0,"382,462,406"
2024-09-23,116.55,116.99,114.86,116.26,"206,228,500"
2024-09-23,116.55,116.99,114.86,116.26,"206,228,500"
2024-09-23,116.55,116.99,114.86,116.26,"206,228,500"
2024-09-24,116.52,121.8,115.38,120.87,"354,966,781"
2024-09-24,116.52,121.8,115.38,120.87,"354,966,781"
2024-09-24,116.52,121.8,115.38,120.87,"354,966,781"
2024-09-25,122.02,124.94,121.61,123.51,"284,692,906"
2024-09-25,122.02,124.94,121.61,123.51,"284,692,906"
2024-09-25,122.02,124.94,121.61,123.51,"284,692,906"
2024-09-26,126.8,127.67,121.8,124.04,"302,582,906"
2024-09-26,126.8,127.67,121.8,124.04,"302,582,906"
2024-09-26,126.8,127.67,121.8,124.04,"302,582,906"
2024-09-27,123.97,124.03,119.26,121.4,"271,009,219"
2024-09-27,123.97,124.03,119.26,121.4,"271,009,219"
2024-09-27,123.97,124.03,119.26,121.4,"271,009,219"
2024-09-30,118.31,121.5,118.15,121.44,"227,053,703"
2024-09-30,118.31,121.5,118.15,121.44,"227,053,703"
2024-09-30,118.31,121.5,118.15,121.44,"227,053,703"
2024-10-01,121.77,122.44,115.79,117.0,"302,094,500"
2024-10-01,121.77,122.44,115.79,117.0,"302,094,500"
2024-10-01,121.77,122.44,115.79,117.0,"302,094,500"
2024-10-02,116.44,119.38,115.14,118.85,"221,845,906"
2024-10-02,116.44,119.38,115.14,118.85,"221,845,906"
2024-10-02,116.44,119.38,115.14,118.85,"221,845,906"
2024-10-03,120.92,124.36,120.34,122.85,"277,118,031"
2024-10-03,120.92,124.36,120.34,122.85,"277,118,031"
2024-10-03,120.92,124.36,120.34,122.85,"277,118,031"
2024-10-04,124.94,125.04,121.83,124.92,"244,465,594"
2024-10-04,124.94,125.04,121.83,124.92,"244,465,594"
2024-10-04,124.94,125.04,121.83,124.92,"244,465,594"
2024-10-07,124.99,130.64,124.95,127.72,"346,250,219"
2024-10-07,124.99,130.64,124.95,127.72,"346,250,219"
2024-10-07,124.99,130.64,124.95,127.72,"346,250,219"
2024-10-08,130.26,133.48,129.42,132.89,"285,722,500"
2024-10-08,130.26,133.48,129.42,132.89,"285,722,500"
2024-10-08,130.26,133.48,129.42,132.89,"285,722,500"
2024-10-09,134.11,134.52,131.38,132.65,"246,191,594"
2024-10-09,134.11,134.52,131.38,132.65,"246,191,594"
2024-10-09,134.11,134.52,131.38,132.65,"246,191,594"
2024-10-10,131.91,135.0,131.0,134.81,"242,311,297"
2024-10-10,131.91,135.0,131.0,134.81,"242,311,297"
2024-10-10,131.91,135.0,131.0,134.81,"242,311,297"
2024-10-11,134.01,135.78,133.66,134.8,"170,209,500"
2024-10-11,134.01,135.78,133.66,134.8,"170,209,500"
2024-10-11,134.01,135.78,133.66,134.8,"170,209,500"
2024-10-14,136.47,139.6,136.3,138.07,"232,347,703"
2024-10-14,136.47,139.6,136.3,138.07,"232,347,703"
2024-10-14,136.47,139.6,136.3,138.07,"232,347,703"
2024-10-15,137.87,138.57,128.74,131.6,"377,831,000"
2024-10-15,137.87,138.57,128.74,131.6,"377,831,000"
2024-10-15,137.87,138.57,128.74,131.6,"377,831,000"
2024-10-16,133.98,136.62,131.58,135.72,"264,879,688"
2024-10-16,133.98,136.62,131.58,135.72,"264,879,688"
2024-10-16,133.98,136.62,131.58,135.72,"264,879,688"
2024-10-17,139.34,140.89,136.87,136.93,"306,435,906"
2024-10-17,139.34,140.89,136.87,136.93,"306,435,906"
2024-10-17,139.34,140.89,136.87,136.93,"306,435,906"
2024-10-18,138.67,138.9,137.28,138.0,"176,090,203"
2024-10-18,138.67,138.9,137.28,138.0,"176,090,203"
2024-10-18,138.67,138.9,137.28,138.0,"176,090,203"
2024-10-21,138.13,143.71,138.0,143.71,"264,554,500"
2024-10-21,138.13,143.71,138.0,143.71,"264,554,500"
2024-10-21,138.13,143.71,138.0,143.71,"264,554,500"
2024-10-22,142.91,144.42,141.78,143.59,"226,311,594"
2024-10-22,142.91,144.42,141.78,143.59,"226,311,594"
2024-10-22,142.91,144.42,141.78,143.59,"226,311,594"
2024-10-23,142.03,142.43,137.46,139.56,"285,929,969"
2024-10-23,142.03,142.43,137.46,139.56,"285,929,969"
2024-10-23,142.03,142.43,137.46,139.56,"285,929,969"
2024-10-24,140.82,141.35,138.46,140.41,"172,354,891"
2024-10-24,140.82,141.35,138.46,140.41,"172,354,891"
2024-10-24,140.82,141.35,138.46,140.41,"172,354,891"
2024-10-25,140.93,144.13,140.8,141.54,"205,122,094"
2024-10-25,140.93,144.13,140.8,141.54,"205,122,094"
2024-10-25,140.93,144.13,140.8,141.54,"205,122,094"
2024-10-28,143.0,143.14,140.05,140.52,"173,586,703"
2024-10-28,143.0,143.14,140.05,140.52,"173,586,703"
2024-10-28,143.0,143.14,140.05,140.52,"173,586,703"
2024-10-29,140.29,142.26,138.9,141.25,"157,593,594"
2024-10-29,140.29,142.26,138.9,141.25,"157,593,594"
2024-10-29,140.29,142.26,138.9,141.25,"157,593,594"
2024-10-30,139.54,140.33,136.81,139.34,"179,418,094"
2024-10-30,139.54,140.33,136.81,139.34,"179,418,094"
2024-10-30,139.54,140.33,136.81,139.34,"179,418,094"
2024-10-31,137.6,137.61,132.11,132.76,"270,039,625"
2024-10-31,137.6,137.61,132.11,132.76,"270,039,625"
2024-10-31,137.6,137.61,132.11,132.76,"270,039,625"
2024-11-01,134.7,137.31,134.57,135.4,"207,127,812"
2024-11-01,134.7,137.31,134.57,135.4,"207,127,812"
2024-11-01,134.7,137.31,134.57,135.4,"207,127,812"
2024-11-04,137.21,138.96,135.57,136.05,"187,528,188"
2024-11-04,137.21,138.96,135.57,136.05,"187,528,188"
2024-11-04,137.21,138.96,135.57,136.05,"187,528,188"
2024-11-05,137.45,140.37,137.33,139.91,"160,537,406"
2024-11-05,137.45,140.37,137.33,139.91,"160,537,406"
2024-11-05,137.45,140.37,137.33,139.91,"160,537,406"
2024-11-06,142.96,146.49,141.96,145.61,"242,043,906"
2024-11-06,142.96,146.49,141.96,145.61,"242,043,906"
2024-11-06,142.96,146.49,141.96,145.61,"242,043,906"
2024-11-07,146.39,148.93,146.17,148.88,"207,323,297"
2024-11-07,146.39,148.93,146.17,148.88,"207,323,297"
2024-11-07,146.39,148.93,146.17,148.88,"207,323,297"
2024-11-08,148.77,149.77,146.26,147.63,"175,665,797"
2024-11-08,148.77,149.77,146.26,147.63,"175,665,797"
2024-11-08,148.77,149.77,146.26,147.63,"175,665,797"
2024-11-11,148.68,148.85,143.57,145.26,"182,325,594"
2024-11-11,148.68,148.85,143.57,145.26,"182,325,594"
2024-11-11,148.68,148.85,143.57,145.26,"182,325,594"
2024-11-12,146.78,149.65,146.01,148.29,"198,634,703"
2024-11-12,146.78,149.65,146.01,148.29,"198,634,703"
2024-11-12,146.78,149.65,146.01,148.29,"198,634,703"
2024-11-13,149.07,149.33,145.9,146.27,"191,903,297"
2024-11-13,149.07,149.33,145.9,146.27,"191,903,297"
2024-11-13,149.07,149.33,145.9,146.27,"191,903,297"
2024-11-14,147.64,149.0,145.55,146.76,"194,463,297"
2024-11-14,147.64,149.0,145.55,146.76,"194,463,297"
2024-11-14,147.64,149.0,145.55,146.76,"194,463,297"
2024-11-15,144.87,145.24,140.08,141.98,"250,132,891"
2024-11-15,144.87,145.24,140.08,141.98,"250,132,891"
2024-11-15,144.87,145.24,140.08,141.98,"250,132,891"
2024-11-18,139.5,141.55,137.15,140.15,"221,866,000"
2024-11-18,139.5,141.55,137.15,140.15,"221,866,000"
2024-11-18,139.5,141.55,137.15,140.15,"221,866,000"
2024-11-19,141.32,147.13,140.99,147.01,"227,834,891"
2024-11-19,141.32,147.13,140.99,147.01,"227,834,891"
2024-11-19,141.32,147.13,140.99,147.01,"227,834,891"
2024-11-20,147.41,147.56,142.73,145.89,"309,871,719"
2024-11-20,147.41,147.56,142.73,145.89,"309,871,719"
2024-11-20,147.41,147.56,142.73,145.89,"309,871,719"
2024-11-21,149.35,152.89,140.7,146.67,"400,946,594"
2024-11-21,149.35,152.89,140.7,146.67,"400,946,594"
2024-11-21,149.35,152.89,140.7,146.67,"400,946,594"
2024-11-22,145.93,147.16,141.1,141.95,"236,406,203"
2024-11-22,145.93,147.16,141.1,141.95,"236,406,203"
2024-11-22,145.93,147.16,141.1,141.95,"236,406,203"
2024-11-25,141.99,142.05,135.82,136.02,"344,941,875"
2024-11-25,141.99,142.05,135.82,136.02,"344,941,875"
2024-11-25,141.99,142.05,135.82,136.02,"344,941,875"
2024-11-26,137.7,139.3,135.67,136.92,"190,287,703"
2024-11-26,137.7,139.3,135.67,136.92,"190,287,703"
2024-11-26,137.7,139.3,135.67,136.92,"190,287,703"
2024-11-27,135.01,137.22,131.8,135.34,"226,370,891"
2024-11-27,135.01,137.22,131.8,135.34,"226,370,891"
2024-11-27,135.01,137.22,131.8,135.34,"226,370,891"
2024-11-29,136.78,139.35,136.05,138.25,"141,863,203"
2024-11-29,136.78,139.35,136.05,138.25,"141,863,203"
2024-11-29,136.78,139.35,136.05,138.25,"141,863,203"
2024-12-02,138.83,140.45,137.83,138.63,"171,682,797"
2024-12-02,138.83,140.45,137.83,138.63,"171,682,797"
2024-12-02,138.83,140.45,137.83,138.63,"171,682,797"
2024-12-03,138.26,140.54,137.95,140.26,"164,414,000"
2024-12-03,138.26,140.54,137.95,140.26,"164,414,000"
2024-12-03,138.26,140.54,137.95,140.26,"164,414,000"
2024-12-04,142.0,145.79,140.29,145.14,"231,224,297"
2024-12-04,142.0,145.79,140.29,145.14,"231,224,297"
2024-12-04,142.0,145.79,140.29,145.14,"231,224,297"
2024-12-05,145.11,146.54,143.95,145.06,"172,621,203"
2024-12-05,145.11,146.54,143.95,145.06,"172,621,203"
2024-12-05,145.11,146.54,143.95,145.06,"172,621,203"
2024-12-06,144.6,145.7,141.31,142.44,"188,505,594"
2024-12-06,144.6,145.7,141.31,142.44,"188,505,594"
2024-12-06,144.6,145.7,141.31,142.44,"188,505,594"
2024-12-09,138.97,139.95,137.13,138.81,"189,308,609"
2024-12-09,138.97,139.95,137.13,138.81,"189,308,609"
2024-12-09,138.97,139.95,137.13,138.81,"189,308,609"
2024-12-10,139.01,141.82,133.79,135.07,"210,020,891"
2024-12-10,139.01,141.82,133.79,135.07,"210,020,891"
2024-12-10,139.01,141.82,133.79,135.07,"210,020,891"
2024-12-11,137.36,140.17,135.21,139.31,"184,905,203"
2024-12-11,137.36,140.17,135.21,139.31,"184,905,203"
2024-12-11,137.36,140.17,135.21,139.31,"184,905,203"
2024-12-12,137.08,138.44,135.8,137.34,"159,211,391"
2024-12-12,137.08,138.44,135.8,137.34,"159,211,391"
2024-12-12,137.08,138.44,135.8,137.34,"159,211,391"
2024-12-13,138.94,139.6,132.54,134.25,"231,514,891"
2024-12-13,138.94,139.6,132.54,134.25,"231,514,891"
2024-12-13,138.94,139.6,132.54,134.25,"231,514,891"
2024-12-16,134.18,134.4,130.42,132.0,"237,951,109"
2024-12-16,134.18,134.4,130.42,132.0,"237,951,109"
2024-12-16,134.18,134.4,130.42,132.0,"237,951,109"
2024-12-17,129.09,131.59,126.86,130.39,"259,410,297"
2024-12-17,129.09,131.59,126.86,130.39,"259,410,297"
2024-12-17,129.09,131.59,126.86,130.39,"259,410,297"
2024-12-18,133.86,136.7,128.28,128.91,"277,444,500"
2024-12-18,133.86,136.7,128.28,128.91,"277,444,500"
2024-12-18,133.86,136.7,128.28,128.91,"277,444,500"
2024-12-19,131.76,134.03,129.55,130.68,"209,719,203"
2024-12-19,131.76,134.03,129.55,130.68,"209,719,203"
2024-12-19,131.76,134.03,129.55,130.68,"209,719,203"
2024-12-20,129.81,135.28,128.22,134.7,"306,528,594"
2024-12-20,129.81,135.28,128.22,134.7,"306,528,594"
2024-12-20,129.81,135.28,128.22,134.7,"306,528,594"
2024-12-23,136.28,139.79,135.12,139.67,"176,053,500"
2024-12-23,136.28,139.79,135.12,139.67,"176,053,500"
2024-12-23,136.28,139.79,135.12,139.67,"176,053,500"
2024-12-24,140.0,141.9,138.65,140.22,"105,157,000"
2024-12-24,140.0,141.9,138.65,140.22,"105,157,000"
2024-12-24,140.0,141.9,138.65,140.22,"105,157,000"
2024-12-26,139.7,140.85,137.73,139.93,"116,519,102"
2024-12-26,139.7,140.85,137.73,139.93,"116,519,102"
2024-12-26,139.7,140.85,137.73,139.93,"116,519,102"
2024-12-27,138.55,139.02,134.71,137.01,"170,582,594"
2024-12-27,138.55,139.02,134.71,137.01,"170,582,594"
2024-12-27,138.55,139.02,134.71,137.01,"170,582,594"
2024-12-30,134.83,140.27,134.02,137.49,"167,734,703"
2024-12-30,134.83,140.27,134.02,137.49,"167,734,703"
2024-12-30,134.83,140.27,134.02,137.49,"167,734,703"
2024-12-31,138.03,138.07,133.83,134.29,"155,659,203"
2024-12-31,138.03,138.07,133.83,134.29,"155,659,203"
2024-12-31,138.03,138.07,133.83,134.29,"155,659,203"
2025-01-02,136.0,138.88,134.63,138.31,"198,247,203"
2025-01-02,136.0,138.88,134.63,138.31,"198,247,203"
2025-01-02,136.0,138.88,134.63,138.31,"198,247,203"
2025-01-03,140.01,144.9,139.73,144.47,"229,322,500"
2025-01-03,140.01,144.9,139.73,144.47,"229,322,500"
2025-01-03,140.01,144.9,139.73,144.47,"229,322,500"
2025-01-06,148.59,152.16,147.82,149.43,"265,377,406"
2025-01-06,148.59,152.16,147.82,149.43,"265,377,406"
2025-01-06,148.59,152.16,147.82,149.43,"265,377,406"
2025-01-07,153.03,153.13,140.01,140.14,"351,782,219"
2025-01-07,153.03,153.13,140.01,140.14,"351,782,219"
2025-01-07,153.03,153.13,140.01,140.14,"351,782,219"
2025-01-08,142.58,143.95,137.56,140.11,"227,349,906"
2025-01-08,142.58,143.95,137.56,140.11,"227,349,906"
2025-01-08,142.58,143.95,137.56,140.11,"227,349,906"
2025-01-10,137.45,139.92,134.22,135.91,"207,602,500"
2025-01-10,137.45,139.92,134.22,135.91,"207,602,500"
2025-01-10,137.45,139.92,134.22,135.91,"207,602,500"
2025-01-13,129.99,133.49,129.51,133.23,"204,808,891"
2025-01-13,129.99,133.49,129.51,133.23,"204,808,891"
2025-01-13,129.99,133.49,129.51,133.23,"204,808,891"
2025-01-14,136.05,136.38,130.05,131.76,"195,590,500"
2025-01-14,136.05,136.38,130.05,131.76,"195,590,500"
2025-01-14,136.05,136.38,130.05,131.76,"195,590,500"
2025-01-15,133.65,136.45,131.29,136.24,"185,217,297"
2025-01-15,133.65,136.45,131.29,136.24,"185,217,297"
2025-01-15,133.65,136.45,131.29,136.24,"185,217,297"
2025-01-16,138.64,138.75,133.49,133.57,"209,235,594"
2025-01-16,138.64,138.75,133.49,133.57,"209,235,594"
2025-01-16,138.64,138.75,133.49,133.57,"209,235,594"
2025-01-17,136.69,138.5,135.46,137.71,"201,188,797"
2025-01-17,136.69,138.5,135.46,137.71,"201,188,797"
2025-01-17,136.69,138.5,135.46,137.71,"201,188,797"
2025-01-21,139.16,141.83,137.09,140.83,"197,748,984"
2025-01-21,139.16,141.83,137.09,140.83,"197,748,984"
2025-01-21,139.16,141.83,137.09,140.83,"197,748,984"
2025-01-22,144.66,147.79,143.67,147.07,"237,651,391"
2025-01-22,144.66,147.79,143.67,147.07,"237,651,391"
2025-01-22,144.66,147.79,143.67,147.07,"237,651,391"
2025-01-23,145.05,147.23,143.72,147.22,"155,915,500"
2025-01-23,145.05,147.23,143.72,147.22,"155,915,500"
2025-01-23,145.05,147.23,143.72,147.22,"155,915,500"
2025-01-24,148.37,148.97,141.88,142.62,"234,657,594"
2025-01-24,148.37,148.97,141.88,142.62,"234,657,594"
2025-01-24,148.37,148.97,141.88,142.62,"234,657,594"
2025-01-27,124.8,128.4,116.7,118.42,"818,830,938"
2025-01-27,124.8,128.4,116.7,118.42,"818,830,938"
2025-01-27,124.8,128.4,116.7,118.42,"818,830,938"
2025-01-28,121.81,129.0,116.25,128.99,"579,666,438"
2025-01-28,121.81,129.0,116.25,128.99,"579,666,438"
2025-01-28,121.81,129.0,116.25,128.99,"579,666,438"
2025-01-29,126.5,126.89,120.05,123.7,"467,120,594"
2025-01-29,126.5,126.89,120.05,123.7,"467,120,594"
2025-01-29,126.5,126.89,120.05,123.7,"467,120,594"
2025-01-30,123.1,125.0,118.1,124.65,"392,925,500"
2025-01-30,123.1,125.0,118.1,124.65,"392,925,500"
2025-01-30,123.1,125.0,118.1,124.65,"392,925,500"
2025-01-31,123.78,127.85,119.19,120.07,"390,372,906"
2025-01-31,123.78,127.85,119.19,120.07,"390,372,906"
2025-01-31,123.78,127.85,119.19,120.07,"390,372,906"
2025-02-03,114.75,118.57,113.01,116.66,"371,235,719"
2025-02-03,114.75,118.57,113.01,116.66,"371,235,719"
2025-02-03,114.75,118.57,113.01,116.66,"371,235,719"
2025-02-04,116.96,121.2,116.7,118.65,"256,550,000"
2025-02-04,116.96,121.2,116.7,118.65,"256,550,000"
2025-02-04,116.96,121.2,116.7,118.65,"256,550,000"
2025-02-05,121.76,125.0,120.76,124.83,"263,110,594"
2025-02-05,121.76,125.0,120.76,124.83,"263,110,594"
2025-02-05,121.76,125.0,120.76,124.83,"263,110,594"
2025-02-06,127.42,128.77,125.21,128.68,"251,483,594"
2025-02-06,127.42,128.77,125.21,128.68,"251,483,594"
2025-02-06,127.42,128.77,125.21,128.68,"251,483,594"
2025-02-07,129.22,130.37,125.0,129.84,"228,186,297"
2025-02-07,129.22,130.37,125.0,129.84,"228,186,297"
2025-02-07,129.22,130.37,125.0,129.84,"228,186,297"
2025-02-10,130.09,135.0,129.96,133.57,"216,989,109"
2025-02-10,130.09,135.0,129.96,133.57,"216,989,109"
2025-02-10,130.09,135.0,129.96,133.57,"216,989,109"
2025-02-11,132.58,134.48,131.02,132.8,"178,902,406"
2025-02-11,132.58,134.48,131.02,132.8,"178,902,406"
2025-02-11,132.58,134.48,131.02,132.8,"178,902,406"
2025-02-12,130.02,132.24,129.08,131.14,"160,278,594"
2025-02-12,130.02,132.24,129.08,131.14,"160,278,594"
2025-02-12,130.02,132.24,129.08,131.14,"160,278,594"
2025-02-13,131.56,136.5,131.17,135.29,"197,430,000"
2025-02-13,131.56,136.5,131.17,135.29,"197,430,000"
2025-02-13,131.56,136.5,131.17,135.29,"197,430,000"
2025-02-14,136.48,139.25,135.5,138.85,"195,479,594"
2025-02-14,136.48,139.25,135.5,138.85,"195,479,594"
2025-02-14,136.48,139.25,135.5,138.85,"195,479,594"
2025-02-18,141.27,143.44,137.93,139.4,"219,176,609"
2025-02-18,141.27,143.44,137.93,139.4,"219,176,609"
2025-02-18,141.27,143.44,137.93,139.4,"219,176,609"
2025-02-19,139.51,141.36,137.22,139.23,"167,536,000"
2025-02-19,139.51,141.36,137.22,139.23,"167,536,000"
2025-02-19,139.51,141.36,137.22,139.23,"167,536,000"
2025-02-19,139.51,141.36,137.22,139.23,"167,536,000"
2025-02-20,140.03,140.66,136.79,140.11,"143,903,594"
2025-02-20,140.03,140.66,136.79,140.11,"143,903,594"
2025-02-20,140.03,140.66,136.79,140.11,"143,903,594"
2025-02-20,140.03,140.66,136.79,140.11,"143,903,594"
2025-02-21,140.04,141.46,134.03,134.43,"228,217,594"
2025-02-21,140.04,141.46,134.03,134.43,"228,217,594"
2025-02-21,140.04,141.46,134.03,134.43,"228,217,594"
2025-02-21,140.04,141.46,134.03,134.43,"228,217,594"
2025-02-24,136.56,138.59,130.08,130.28,"251,381,109"
2025-02-24,136.56,138.59,130.08,130.28,"251,381,109"
2025-02-24,136.56,138.59,130.08,130.28,"251,381,109"
2025-02-24,136.56,138.59,130.08,130.28,"251,381,109"
2025-02-25,129.98,130.2,124.44,126.63,"271,428,719"
2025-02-25,129.98,130.2,124.44,126.63,"271,428,719"
2025-02-25,129.98,130.2,124.44,126.63,"271,428,719"
2025-02-25,129.98,130.2,124.44,126.63,"271,428,719"
2025-02-26,129.99,133.73,128.49,131.28,"322,553,781"
2025-02-26,129.99,133.73,128.49,131.28,"322,553,781"
2025-02-26,129.99,133.73,128.49,131.28,"322,553,781"
2025-02-26,129.99,133.73,128.49,131.28,"322,553,781"
2025-02-27,135.0,135.01,120.01,120.15,"443,175,812"
2025-02-27,135.0,135.01,120.01,120.15,"443,175,812"
2025-02-27,135.0,135.01,120.01,120.15,"443,175,812"
2025-02-27,135.0,135.01,120.01,120.15,"443,175,812"
2025-02-28,118.02,125.09,116.4,124.92,"389,091,094"
2025-02-28,118.02,125.09,116.4,124.92,"389,091,094"
2025-02-28,118.02,125.09,116.4,124.92,"389,091,094"
2025-02-28,118.02,125.09,116.4,124.92,"389,091,094"
2025-03-03,123.51,123.7,112.28,114.06,"411,381,406"
2025-03-04,110.65,119.31,110.11,115.99,"398,163,281"
2025-03-05,117.58,118.28,114.51,117.3,"284,337,875"
2025-03-06,113.53,115.35,110.22,110.57,"321,181,875"
2025-03-07,111.25,113.48,107.56,112.69,"341,755,500"
2025-03-10,109.9,111.85,105.46,106.98,"366,487,406"
2025-03-11,106.99,112.24,104.77,108.76,"354,865,688"
2025-03-12,114.12,116.76,112.88,115.74,"323,857,500"
2025-03-13,117.03,117.76,113.79,115.58,"299,033,094"
2025-03-14,118.61,121.88,118.15,121.67,"277,593,500"
2025-03-17,122.74,122.89,118.03,119.53,"255,501,500"
2025-03-18,118.0,119.02,114.54,115.43,"299,686,906"
2025-03-19,117.27,120.45,115.68,117.52,"273,426,219"
2025-03-20,116.55,120.2,116.47,118.53,"248,829,703"
2025-03-21,116.94,117.99,115.42,117.7,"266,498,500"
